,feed_id,method_id,pollutant_averaging,pollutant_id,pollutant_unit,date,pollutant_value,station_id,X,Y,ID_estacion
1,UYMVD_2012_1_4_24,UYMVD_SO2_T,24,SO2,ug/m3,04/01/12,9.41,UYMVD_E1,572831966,6136774091,Ciudad Vieja 1
2,UYMVD_2012_1_10_24,UYMVD_SO2_T,24,SO2,ug/m3,10/01/12,24.35,UYMVD_E1,572831966,6136774091,Ciudad Vieja 1
3,UYMVD_2012_1_16_24,UYMVD_SO2_T,24,SO2,ug/m3,16/01/12,39.97,UYMVD_E1,572831966,6136774091,Ciudad Vieja 1
4,UYMVD_2012_1_22_24,UYMVD_SO2_T,24,SO2,ug/m3,22/01/12,17.95,UYMVD_E1,572831966,6136774091,Ciudad Vieja 1
5,UYMVD_2012_1_28_24,UYMVD_SO2_T,24,SO2,ug/m3,28/01/12,15.68,UYMVD_E1,572831966,6136774091,Ciudad Vieja 1
6,UYMVD_2012_2_3_24,UYMVD_SO2_T,24,SO2,ug/m3,03/02/12,13.4,UYMVD_E1,572831966,6136774091,Ciudad Vieja 1
7,UYMVD_2012_2_9_24,UYMVD_SO2_T,24,SO2,ug/m3,09/02/12,4.78,UYMVD_E1,572831966,6136774091,Ciudad Vieja 1
8,UYMVD_2012_2_15_24,UYMVD_SO2_T,24,SO2,ug/m3,15/02/12,2.57,UYMVD_E1,572831966,6136774091,Ciudad Vieja 1
9,UYMVD_2012_2_21_24,UYMVD_SO2_T,24,SO2,ug/m3,21/02/12,9.06,UYMVD_E1,572831966,6136774091,Ciudad Vieja 1
10,UYMVD_2012_2_27_24,UYMVD_SO2_T,24,SO2,ug/m3,27/02/12,0.14,UYMVD_E1,572831966,6136774091,Ciudad Vieja 1
11,UYMVD_2012_3_4_24,UYMVD_SO2_T,24,SO2,ug/m3,04/03/12,24.91,UYMVD_E1,572831966,6136774091,Ciudad Vieja 1
12,UYMVD_2012_3_10_24,UYMVD_SO2_T,24,SO2,ug/m3,10/03/12,33.8,UYMVD_E1,572831966,6136774091,Ciudad Vieja 1
13,UYMVD_2012_3_16_24,UYMVD_SO2_T,24,SO2,ug/m3,16/03/12,33.67,UYMVD_E1,572831966,6136774091,Ciudad Vieja 1
14,UYMVD_2012_3_22_24,UYMVD_SO2_T,24,SO2,ug/m3,22/03/12,17.99,UYMVD_E1,572831966,6136774091,Ciudad Vieja 1
15,UYMVD_2012_3_28_24,UYMVD_SO2_T,24,SO2,ug/m3,28/03/12,22.13,UYMVD_E1,572831966,6136774091,Ciudad Vieja 1
16,UYMVD_2012_4_3_24,UYMVD_SO2_T,24,SO2,ug/m3,03/04/12,9.33,UYMVD_E1,572831966,6136774091,Ciudad Vieja 1
17,UYMVD_2012_4_9_24,UYMVD_SO2_T,24,SO2,ug/m3,09/04/12,11.89,UYMVD_E1,572831966,6136774091,Ciudad Vieja 1
18,UYMVD_2012_4_15_24,UYMVD_SO2_T,24,SO2,ug/m3,15/04/12,6.84,UYMVD_E1,572831966,6136774091,Ciudad Vieja 1
19,UYMVD_2012_4_21_24,UYMVD_SO2_T,24,SO2,ug/m3,21/04/12,6.39,UYMVD_E1,572831966,6136774091,Ciudad Vieja 1
20,UYMVD_2012_4_27_24,UYMVD_SO2_T,24,SO2,ug/m3,27/04/12,2.54,UYMVD_E1,572831966,6136774091,Ciudad Vieja 1
21,UYMVD_2012_5_3_24,UYMVD_SO2_T,24,SO2,ug/m3,03/05/12,125.41,UYMVD_E1,572831966,6136774091,Ciudad Vieja 1
22,UYMVD_2012_5_21_24,UYMVD_SO2_T,24,SO2,ug/m3,21/05/12,16.81,UYMVD_E1,572831966,6136774091,Ciudad Vieja 1
23,UYMVD_2012_5_27_24,UYMVD_SO2_T,24,SO2,ug/m3,27/05/12,19.65,UYMVD_E1,572831966,6136774091,Ciudad Vieja 1
24,UYMVD_2012_6_2_24,UYMVD_SO2_T,24,SO2,ug/m3,02/06/12,42.27,UYMVD_E1,572831966,6136774091,Ciudad Vieja 1
25,UYMVD_2012_6_8_24,UYMVD_SO2_T,24,SO2,ug/m3,08/06/12,26.57,UYMVD_E1,572831966,6136774091,Ciudad Vieja 1
26,UYMVD_2012_6_14_24,UYMVD_SO2_T,24,SO2,ug/m3,14/06/12,0.18,UYMVD_E1,572831966,6136774091,Ciudad Vieja 1
27,UYMVD_2012_6_20_24,UYMVD_SO2_T,24,SO2,ug/m3,20/06/12,57.85,UYMVD_E1,572831966,6136774091,Ciudad Vieja 1
28,UYMVD_2012_6_26_24,UYMVD_SO2_T,24,SO2,ug/m3,26/06/12,96.73,UYMVD_E1,572831966,6136774091,Ciudad Vieja 1
29,UYMVD_2012_7_2_24,UYMVD_SO2_T,24,SO2,ug/m3,02/07/12,6.51,UYMVD_E1,572831966,6136774091,Ciudad Vieja 1
30,UYMVD_2012_7_8_24,UYMVD_SO2_T,24,SO2,ug/m3,08/07/12,125.67,UYMVD_E1,572831966,6136774091,Ciudad Vieja 1
31,UYMVD_2012_7_14_24,UYMVD_SO2_T,24,SO2,ug/m3,14/07/12,8.81,UYMVD_E1,572831966,6136774091,Ciudad Vieja 1
32,UYMVD_2012_7_20_24,UYMVD_SO2_T,24,SO2,ug/m3,20/07/12,80.51,UYMVD_E1,572831966,6136774091,Ciudad Vieja 1
33,UYMVD_2012_7_26_24,UYMVD_SO2_T,24,SO2,ug/m3,26/07/12,59.16,UYMVD_E1,572831966,6136774091,Ciudad Vieja 1
34,UYMVD_2012_8_1_24,UYMVD_SO2_T,24,SO2,ug/m3,01/08/12,7.55,UYMVD_E1,572831966,6136774091,Ciudad Vieja 1
35,UYMVD_2012_8_7_24,UYMVD_SO2_T,24,SO2,ug/m3,07/08/12,15.21,UYMVD_E1,572831966,6136774091,Ciudad Vieja 1
36,UYMVD_2012_8_13_24,UYMVD_SO2_T,24,SO2,ug/m3,13/08/12,46.27,UYMVD_E1,572831966,6136774091,Ciudad Vieja 1
37,UYMVD_2012_8_19_24,UYMVD_SO2_T,24,SO2,ug/m3,19/08/12,10.48,UYMVD_E1,572831966,6136774091,Ciudad Vieja 1
38,UYMVD_2012_8_25_24,UYMVD_SO2_T,24,SO2,ug/m3,25/08/12,1.57,UYMVD_E1,572831966,6136774091,Ciudad Vieja 1
39,UYMVD_2012_8_31_24,UYMVD_SO2_T,24,SO2,ug/m3,31/08/12,43.7,UYMVD_E1,572831966,6136774091,Ciudad Vieja 1
40,UYMVD_2012_9_6_24,UYMVD_SO2_T,24,SO2,ug/m3,06/09/12,19.83,UYMVD_E1,572831966,6136774091,Ciudad Vieja 1
41,UYMVD_2012_9_12_24,UYMVD_SO2_T,24,SO2,ug/m3,12/09/12,35.92,UYMVD_E1,572831966,6136774091,Ciudad Vieja 1
42,UYMVD_2012_9_18_24,UYMVD_SO2_T,24,SO2,ug/m3,18/09/12,6.69,UYMVD_E1,572831966,6136774091,Ciudad Vieja 1
43,UYMVD_2012_9_24_24,UYMVD_SO2_T,24,SO2,ug/m3,24/09/12,9.12,UYMVD_E1,572831966,6136774091,Ciudad Vieja 1
44,UYMVD_2012_9_30_24,UYMVD_SO2_T,24,SO2,ug/m3,30/09/12,18.8,UYMVD_E1,572831966,6136774091,Ciudad Vieja 1
45,UYMVD_2012_10_6_24,UYMVD_SO2_T,24,SO2,ug/m3,06/10/12,5.3,UYMVD_E1,572831966,6136774091,Ciudad Vieja 1
46,UYMVD_2012_10_12_24,UYMVD_SO2_T,24,SO2,ug/m3,12/10/12,18.33,UYMVD_E1,572831966,6136774091,Ciudad Vieja 1
47,UYMVD_2012_10_18_24,UYMVD_SO2_T,24,SO2,ug/m3,18/10/12,9.49,UYMVD_E1,572831966,6136774091,Ciudad Vieja 1
48,UYMVD_2012_10_24_24,UYMVD_SO2_T,24,SO2,ug/m3,24/10/12,4.76,UYMVD_E1,572831966,6136774091,Ciudad Vieja 1
49,UYMVD_2012_10_30_24,UYMVD_SO2_T,24,SO2,ug/m3,30/10/12,9.45,UYMVD_E1,572831966,6136774091,Ciudad Vieja 1
50,UYMVD_2012_11_5_24,UYMVD_SO2_T,24,SO2,ug/m3,05/11/12,23.25,UYMVD_E1,572831966,6136774091,Ciudad Vieja 1
51,UYMVD_2012_11_11_24,UYMVD_SO2_T,24,SO2,ug/m3,11/11/12,16.46,UYMVD_E1,572831966,6136774091,Ciudad Vieja 1
52,UYMVD_2012_11_17_24,UYMVD_SO2_T,24,SO2,ug/m3,17/11/12,4.68,UYMVD_E1,572831966,6136774091,Ciudad Vieja 1
53,UYMVD_2012_11_29_24,UYMVD_SO2_T,24,SO2,ug/m3,29/11/12,13.04,UYMVD_E1,572831966,6136774091,Ciudad Vieja 1
54,UYMVD_2012_12_5_24,UYMVD_SO2_T,24,SO2,ug/m3,05/12/12,17.37,UYMVD_E1,572831966,6136774091,Ciudad Vieja 1
55,UYMVD_2012_12_11_24,UYMVD_SO2_T,24,SO2,ug/m3,11/12/12,4.47,UYMVD_E1,572831966,6136774091,Ciudad Vieja 1
56,UYMVD_2012_12_17_24,UYMVD_SO2_T,24,SO2,ug/m3,17/12/12,7.89,UYMVD_E1,572831966,6136774091,Ciudad Vieja 1
57,UYMVD_2012_12_23_24,UYMVD_SO2_T,24,SO2,ug/m3,23/12/12,2.6,UYMVD_E1,572831966,6136774091,Ciudad Vieja 1
58,UYMVD_2012_12_29_24,UYMVD_SO2_T,24,SO2,ug/m3,29/12/12,21.37,UYMVD_E1,572831966,6136774091,Ciudad Vieja 1
59,UYMVD_2013_1_4_24,UYMVD_SO2_T,24,SO2,ug/m3,04/01/13,17.5,UYMVD_E1,572831966,6136774091,Ciudad Vieja 1
60,UYMVD_2013_1_10_24,UYMVD_SO2_T,24,SO2,ug/m3,10/01/13,11,UYMVD_E1,572831966,6136774091,Ciudad Vieja 1
61,UYMVD_2013_1_16_24,UYMVD_SO2_T,24,SO2,ug/m3,16/01/13,13.3,UYMVD_E1,572831966,6136774091,Ciudad Vieja 1
62,UYMVD_2013_1_22_24,UYMVD_SO2_T,24,SO2,ug/m3,22/01/13,5.5,UYMVD_E1,572831966,6136774091,Ciudad Vieja 1
63,UYMVD_2013_1_28_24,UYMVD_SO2_T,24,SO2,ug/m3,28/01/13,19.6,UYMVD_E1,572831966,6136774091,Ciudad Vieja 1
64,UYMVD_2013_2_3_24,UYMVD_SO2_T,24,SO2,ug/m3,03/02/13,16,UYMVD_E1,572831966,6136774091,Ciudad Vieja 1
65,UYMVD_2013_2_9_24,UYMVD_SO2_T,24,SO2,ug/m3,09/02/13,18.9,UYMVD_E1,572831966,6136774091,Ciudad Vieja 1
66,UYMVD_2013_2_15_24,UYMVD_SO2_T,24,SO2,ug/m3,15/02/13,18.1,UYMVD_E1,572831966,6136774091,Ciudad Vieja 1
67,UYMVD_2013_2_21_24,UYMVD_SO2_T,24,SO2,ug/m3,21/02/13,13.9,UYMVD_E1,572831966,6136774091,Ciudad Vieja 1
68,UYMVD_2013_2_27_24,UYMVD_SO2_T,24,SO2,ug/m3,27/02/13,9.6,UYMVD_E1,572831966,6136774091,Ciudad Vieja 1
69,UYMVD_2013_3_5_24,UYMVD_SO2_T,24,SO2,ug/m3,05/03/13,22.4,UYMVD_E1,572831966,6136774091,Ciudad Vieja 1
70,UYMVD_2012_3_11_24,UYMVD_SO2_T,24,SO2,ug/m3,11/03/12,18.5,UYMVD_E1,572831966,6136774091,Ciudad Vieja 1
71,UYMVD_2013_3_17_24,UYMVD_SO2_T,24,SO2,ug/m3,17/03/13,3.9,UYMVD_E1,572831966,6136774091,Ciudad Vieja 1
72,UYMVD_2013_3_29_24,UYMVD_SO2_T,24,SO2,ug/m3,29/03/13,95.9,UYMVD_E1,572831966,6136774091,Ciudad Vieja 1
73,UYMVD_2013_4_4_24,UYMVD_SO2_T,24,SO2,ug/m3,04/04/13,20.8,UYMVD_E1,572831966,6136774091,Ciudad Vieja 1
74,UYMVD_2013_4_10_24,UYMVD_SO2_T,24,SO2,ug/m3,10/04/13,13.1,UYMVD_E1,572831966,6136774091,Ciudad Vieja 1
75,UYMVD_2013_4_16_24,UYMVD_SO2_T,24,SO2,ug/m3,16/04/13,7.7,UYMVD_E1,572831966,6136774091,Ciudad Vieja 1
76,UYMVD_2013_4_22_24,UYMVD_SO2_T,24,SO2,ug/m3,22/04/13,2.3,UYMVD_E1,572831966,6136774091,Ciudad Vieja 1
77,UYMVD_2013_4_28_24,UYMVD_SO2_T,24,SO2,ug/m3,28/04/13,18.1,UYMVD_E1,572831966,6136774091,Ciudad Vieja 1
78,UYMVD_2013_5_4_24,UYMVD_SO2_T,24,SO2,ug/m3,04/05/13,10.9,UYMVD_E1,572831966,6136774091,Ciudad Vieja 1
79,UYMVD_2013_5_10_24,UYMVD_SO2_T,24,SO2,ug/m3,10/05/13,23.1,UYMVD_E1,572831966,6136774091,Ciudad Vieja 1
80,UYMVD_2013_5_16_24,UYMVD_SO2_T,24,SO2,ug/m3,16/05/13,10.5,UYMVD_E1,572831966,6136774091,Ciudad Vieja 1
81,UYMVD_2013_5_22_24,UYMVD_SO2_T,24,SO2,ug/m3,22/05/13,8.8,UYMVD_E1,572831966,6136774091,Ciudad Vieja 1
82,UYMVD_2013_5_28_24,UYMVD_SO2_T,24,SO2,ug/m3,28/05/13,0.2,UYMVD_E1,572831966,6136774091,Ciudad Vieja 1
83,UYMVD_2013_6_3_24,UYMVD_SO2_T,24,SO2,ug/m3,03/06/13,5.3,UYMVD_E1,572831966,6136774091,Ciudad Vieja 1
84,UYMVD_2013_6_9_24,UYMVD_SO2_T,24,SO2,ug/m3,09/06/13,35.7,UYMVD_E1,572831966,6136774091,Ciudad Vieja 1
85,UYMVD_2013_6_15_24,UYMVD_SO2_T,24,SO2,ug/m3,15/06/13,54.9,UYMVD_E1,572831966,6136774091,Ciudad Vieja 1
86,UYMVD_2013_6_21_24,UYMVD_SO2_T,24,SO2,ug/m3,21/06/13,35.9,UYMVD_E1,572831966,6136774091,Ciudad Vieja 1
87,UYMVD_2013_6_27_24,UYMVD_SO2_T,24,SO2,ug/m3,27/06/13,46.8,UYMVD_E1,572831966,6136774091,Ciudad Vieja 1
88,UYMVD_2013_7_3_24,UYMVD_SO2_T,24,SO2,ug/m3,03/07/13,65.8,UYMVD_E1,572831966,6136774091,Ciudad Vieja 1
89,UYMVD_2013_7_9_24,UYMVD_SO2_T,24,SO2,ug/m3,09/07/13,19.7,UYMVD_E1,572831966,6136774091,Ciudad Vieja 1
90,UYMVD_2013_7_15_24,UYMVD_SO2_T,24,SO2,ug/m3,15/07/13,40.9,UYMVD_E1,572831966,6136774091,Ciudad Vieja 1
91,UYMVD_2013_7_21_24,UYMVD_SO2_T,24,SO2,ug/m3,21/07/13,14.5,UYMVD_E1,572831966,6136774091,Ciudad Vieja 1
92,UYMVD_2013_7_27_24,UYMVD_SO2_T,24,SO2,ug/m3,27/07/13,25.5,UYMVD_E1,572831966,6136774091,Ciudad Vieja 1
93,UYMVD_2013_8_2_24,UYMVD_SO2_T,24,SO2,ug/m3,02/08/13,3.4,UYMVD_E1,572831966,6136774091,Ciudad Vieja 1
94,UYMVD_2013_8_8_24,UYMVD_SO2_T,24,SO2,ug/m3,08/08/13,14.6,UYMVD_E1,572831966,6136774091,Ciudad Vieja 1
95,UYMVD_2013_8_14_24,UYMVD_SO2_T,24,SO2,ug/m3,14/08/13,18.6,UYMVD_E1,572831966,6136774091,Ciudad Vieja 1
96,UYMVD_2013_8_20_24,UYMVD_SO2_T,24,SO2,ug/m3,20/08/13,31.9,UYMVD_E1,572831966,6136774091,Ciudad Vieja 1
97,UYMVD_2013_8_26_24,UYMVD_SO2_T,24,SO2,ug/m3,26/08/13,2.1,UYMVD_E1,572831966,6136774091,Ciudad Vieja 1
98,UYMVD_2013_9_1_24,UYMVD_SO2_T,24,SO2,ug/m3,01/09/13,18.4,UYMVD_E1,572831966,6136774091,Ciudad Vieja 1
99,UYMVD_2013_9_7_24,UYMVD_SO2_T,24,SO2,ug/m3,07/09/13,24,UYMVD_E1,572831966,6136774091,Ciudad Vieja 1
100,UYMVD_2013_9_13_24,UYMVD_SO2_T,24,SO2,ug/m3,13/09/13,2.1,UYMVD_E1,572831966,6136774091,Ciudad Vieja 1
101,UYMVD_2013_9_19_24,UYMVD_SO2_T,24,SO2,ug/m3,19/09/13,33.8,UYMVD_E1,572831966,6136774091,Ciudad Vieja 1
102,UYMVD_2013_9_25_24,UYMVD_SO2_T,24,SO2,ug/m3,25/09/13,7.5,UYMVD_E1,572831966,6136774091,Ciudad Vieja 1
103,UYMVD_2013_10_1_24,UYMVD_SO2_T,24,SO2,ug/m3,01/10/13,4.3,UYMVD_E1,572831966,6136774091,Ciudad Vieja 1
104,UYMVD_2013_10_7_24,UYMVD_SO2_T,24,SO2,ug/m3,07/10/13,11.7,UYMVD_E1,572831966,6136774091,Ciudad Vieja 1
105,UYMVD_2013_10_13_24,UYMVD_SO2_T,24,SO2,ug/m3,13/10/13,9.2,UYMVD_E1,572831966,6136774091,Ciudad Vieja 1
106,UYMVD_2013_10_19_24,UYMVD_SO2_T,24,SO2,ug/m3,19/10/13,9.8,UYMVD_E1,572831966,6136774091,Ciudad Vieja 1
107,UYMVD_2013_10_25_24,UYMVD_SO2_T,24,SO2,ug/m3,25/10/13,7.4,UYMVD_E1,572831966,6136774091,Ciudad Vieja 1
108,UYMVD_2013_10_31_24,UYMVD_SO2_T,24,SO2,ug/m3,31/10/13,1,UYMVD_E1,572831966,6136774091,Ciudad Vieja 1
109,UYMVD_2013_11_6_24,UYMVD_SO2_T,24,SO2,ug/m3,06/11/13,3.7,UYMVD_E1,572831966,6136774091,Ciudad Vieja 1
110,UYMVD_2013_11_12_24,UYMVD_SO2_T,24,SO2,ug/m3,12/11/13,5.7,UYMVD_E1,572831966,6136774091,Ciudad Vieja 1
111,UYMVD_2013_11_18_24,UYMVD_SO2_T,24,SO2,ug/m3,18/11/13,6.6,UYMVD_E1,572831966,6136774091,Ciudad Vieja 1
112,UYMVD_2013_11_24_24,UYMVD_SO2_T,24,SO2,ug/m3,24/11/13,2.5,UYMVD_E1,572831966,6136774091,Ciudad Vieja 1
113,UYMVD_2013_11_30_24,UYMVD_SO2_T,24,SO2,ug/m3,30/11/13,2,UYMVD_E1,572831966,6136774091,Ciudad Vieja 1
114,UYMVD_2013_12_6_24,UYMVD_SO2_T,24,SO2,ug/m3,06/12/13,5.3,UYMVD_E1,572831966,6136774091,Ciudad Vieja 1
115,UYMVD_2013_12_12_24,UYMVD_SO2_T,24,SO2,ug/m3,12/12/13,3.3,UYMVD_E1,572831966,6136774091,Ciudad Vieja 1
116,UYMVD_2013_12_18_24,UYMVD_SO2_T,24,SO2,ug/m3,18/12/13,8.8,UYMVD_E1,572831966,6136774091,Ciudad Vieja 1
117,UYMVD_2013_12_24_24,UYMVD_SO2_T,24,SO2,ug/m3,24/12/13,35.9,UYMVD_E1,572831966,6136774091,Ciudad Vieja 1
118,UYMVD_2014_1_5_24,UYMVD_SO2_T,24,SO2,ug/m3,05/01/14,3,UYMVD_E1,572831966,6136774091,Ciudad Vieja 1
119,UYMVD_2014_1_11_24,UYMVD_SO2_T,24,SO2,ug/m3,11/01/14,2,UYMVD_E1,572831966,6136774091,Ciudad Vieja 1
120,UYMVD_2014_1_17_24,UYMVD_SO2_T,24,SO2,ug/m3,17/01/14,19.7,UYMVD_E1,572831966,6136774091,Ciudad Vieja 1
121,UYMVD_2014_1_23_24,UYMVD_SO2_T,24,SO2,ug/m3,23/01/14,11.2,UYMVD_E1,572831966,6136774091,Ciudad Vieja 1
122,UYMVD_2014_1_29_24,UYMVD_SO2_T,24,SO2,ug/m3,29/01/14,3.6,UYMVD_E1,572831966,6136774091,Ciudad Vieja 1
123,UYMVD_2014_2_4_24,UYMVD_SO2_T,24,SO2,ug/m3,04/02/14,9.8,UYMVD_E1,572831966,6136774091,Ciudad Vieja 1
124,UYMVD_2014_2_16_24,UYMVD_SO2_T,24,SO2,ug/m3,16/02/14,13.7,UYMVD_E1,572831966,6136774091,Ciudad Vieja 1
125,UYMVD_2014_2_22_24,UYMVD_SO2_T,24,SO2,ug/m3,22/02/14,0.8,UYMVD_E1,572831966,6136774091,Ciudad Vieja 1
126,UYMVD_2014_2_28_24,UYMVD_SO2_T,24,SO2,ug/m3,28/02/14,3.9,UYMVD_E1,572831966,6136774091,Ciudad Vieja 1
127,UYMVD_2014_3_6_24,UYMVD_SO2_T,24,SO2,ug/m3,06/03/14,6.1,UYMVD_E1,572831966,6136774091,Ciudad Vieja 1
128,UYMVD_2014_3_12_24,UYMVD_SO2_T,24,SO2,ug/m3,12/03/14,12.8,UYMVD_E1,572831966,6136774091,Ciudad Vieja 1
129,UYMVD_2014_3_18_24,UYMVD_SO2_T,24,SO2,ug/m3,18/03/14,0.1,UYMVD_E1,572831966,6136774091,Ciudad Vieja 1
130,UYMVD_2014_3_24_24,UYMVD_SO2_T,24,SO2,ug/m3,24/03/14,33.7,UYMVD_E1,572831966,6136774091,Ciudad Vieja 1
131,UYMVD_2014_3_30_24,UYMVD_SO2_T,24,SO2,ug/m3,30/03/14,0.2,UYMVD_E1,572831966,6136774091,Ciudad Vieja 1
132,UYMVD_2014_4_5_24,UYMVD_SO2_T,24,SO2,ug/m3,05/04/14,5.9,UYMVD_E1,572831966,6136774091,Ciudad Vieja 1
133,UYMVD_2014_4_17_24,UYMVD_SO2_T,24,SO2,ug/m3,17/04/14,10.1,UYMVD_E1,572831966,6136774091,Ciudad Vieja 1
134,UYMVD_2014_4_23_24,UYMVD_SO2_T,24,SO2,ug/m3,23/04/14,9.5,UYMVD_E1,572831966,6136774091,Ciudad Vieja 1
135,UYMVD_2014_4_30_24,UYMVD_SO2_T,24,SO2,ug/m3,30/04/14,3.5,UYMVD_E1,572831966,6136774091,Ciudad Vieja 1
136,UYMVD_2014_5_5_24,UYMVD_SO2_T,24,SO2,ug/m3,05/05/14,9.1,UYMVD_E1,572831966,6136774091,Ciudad Vieja 1
137,UYMVD_2014_5_11_24,UYMVD_SO2_T,24,SO2,ug/m3,11/05/14,3.8,UYMVD_E1,572831966,6136774091,Ciudad Vieja 1
138,UYMVD_2014_5_17_24,UYMVD_SO2_T,24,SO2,ug/m3,17/05/14,4.4,UYMVD_E1,572831966,6136774091,Ciudad Vieja 1
139,UYMVD_2014_5_23_24,UYMVD_SO2_T,24,SO2,ug/m3,23/05/14,5.2,UYMVD_E1,572831966,6136774091,Ciudad Vieja 1
140,UYMVD_2014_5_29_24,UYMVD_SO2_T,24,SO2,ug/m3,29/05/14,12.8,UYMVD_E1,572831966,6136774091,Ciudad Vieja 1
141,UYMVD_2014_6_4_24,UYMVD_SO2_T,24,SO2,ug/m3,04/06/14,17.3,UYMVD_E1,572831966,6136774091,Ciudad Vieja 1
142,UYMVD_2014_6_10_24,UYMVD_SO2_T,24,SO2,ug/m3,10/06/14,28.5,UYMVD_E1,572831966,6136774091,Ciudad Vieja 1
143,UYMVD_2014_6_16_24,UYMVD_SO2_T,24,SO2,ug/m3,16/06/14,7.1,UYMVD_E1,572831966,6136774091,Ciudad Vieja 1
144,UYMVD_2014_6_22_24,UYMVD_SO2_T,24,SO2,ug/m3,22/06/14,2.9,UYMVD_E1,572831966,6136774091,Ciudad Vieja 1
145,UYMVD_2014_6_28_24,UYMVD_SO2_T,24,SO2,ug/m3,28/06/14,9.2,UYMVD_E1,572831966,6136774091,Ciudad Vieja 1
146,UYMVD_2014_7_4_24,UYMVD_SO2_T,24,SO2,ug/m3,04/07/14,3.9,UYMVD_E1,572831966,6136774091,Ciudad Vieja 1
147,UYMVD_2014_7_10_24,UYMVD_SO2_T,24,SO2,ug/m3,10/07/14,6,UYMVD_E1,572831966,6136774091,Ciudad Vieja 1
148,UYMVD_2014_7_16_24,UYMVD_SO2_T,24,SO2,ug/m3,16/07/14,1.2,UYMVD_E1,572831966,6136774091,Ciudad Vieja 1
149,UYMVD_2014_7_22_24,UYMVD_SO2_T,24,SO2,ug/m3,22/07/14,5,UYMVD_E1,572831966,6136774091,Ciudad Vieja 1
150,UYMVD_2014_7_28_24,UYMVD_SO2_T,24,SO2,ug/m3,28/07/14,4.6,UYMVD_E1,572831966,6136774091,Ciudad Vieja 1
151,UYMVD_2014_8_3_24,UYMVD_SO2_T,24,SO2,ug/m3,03/08/14,5.5,UYMVD_E1,572831966,6136774091,Ciudad Vieja 1
152,UYMVD_2014_8_9_24,UYMVD_SO2_T,24,SO2,ug/m3,09/08/14,3.9,UYMVD_E1,572831966,6136774091,Ciudad Vieja 1
153,UYMVD_2014_8_15_24,UYMVD_SO2_T,24,SO2,ug/m3,15/08/14,15.9,UYMVD_E1,572831966,6136774091,Ciudad Vieja 1
154,UYMVD_2014_8_21_24,UYMVD_SO2_T,24,SO2,ug/m3,21/08/14,10.6,UYMVD_E1,572831966,6136774091,Ciudad Vieja 1
155,UYMVD_2014_8_27_24,UYMVD_SO2_T,24,SO2,ug/m3,27/08/14,2.7,UYMVD_E1,572831966,6136774091,Ciudad Vieja 1
156,UYMVD_2014_9_2_24,UYMVD_SO2_T,24,SO2,ug/m3,02/09/14,7.2,UYMVD_E1,572831966,6136774091,Ciudad Vieja 1
157,UYMVD_2014_9_8_24,UYMVD_SO2_T,24,SO2,ug/m3,08/09/14,9,UYMVD_E1,572831966,6136774091,Ciudad Vieja 1
158,UYMVD_2014_9_14_24,UYMVD_SO2_T,24,SO2,ug/m3,14/09/14,3,UYMVD_E1,572831966,6136774091,Ciudad Vieja 1
159,UYMVD_2014_9_20_24,UYMVD_SO2_T,24,SO2,ug/m3,20/09/14,4.9,UYMVD_E1,572831966,6136774091,Ciudad Vieja 1
160,UYMVD_2014_9_26_24,UYMVD_SO2_T,24,SO2,ug/m3,26/09/14,9.8,UYMVD_E1,572831966,6136774091,Ciudad Vieja 1
161,UYMVD_2014_10_2_24,UYMVD_SO2_T,24,SO2,ug/m3,02/10/14,4.2,UYMVD_E1,572831966,6136774091,Ciudad Vieja 1
162,UYMVD_2014_10_8_24,UYMVD_SO2_T,24,SO2,ug/m3,08/10/14,10.2,UYMVD_E1,572831966,6136774091,Ciudad Vieja 1
163,UYMVD_2014_10_14_24,UYMVD_SO2_T,24,SO2,ug/m3,14/10/14,15.7,UYMVD_E1,572831966,6136774091,Ciudad Vieja 1
164,UYMVD_2014_10_20_24,UYMVD_SO2_T,24,SO2,ug/m3,20/10/14,4.1,UYMVD_E1,572831966,6136774091,Ciudad Vieja 1
165,UYMVD_2014_10_26_24,UYMVD_SO2_T,24,SO2,ug/m3,26/10/14,9,UYMVD_E1,572831966,6136774091,Ciudad Vieja 1
166,UYMVD_2014_11_1_24,UYMVD_SO2_T,24,SO2,ug/m3,01/11/14,6.4,UYMVD_E1,572831966,6136774091,Ciudad Vieja 1
167,UYMVD_2014_11_7_24,UYMVD_SO2_T,24,SO2,ug/m3,07/11/14,6.3,UYMVD_E1,572831966,6136774091,Ciudad Vieja 1
168,UYMVD_2014_11_13_24,UYMVD_SO2_T,24,SO2,ug/m3,13/11/14,4.2,UYMVD_E1,572831966,6136774091,Ciudad Vieja 1
169,UYMVD_2014_11_19_24,UYMVD_SO2_T,24,SO2,ug/m3,19/11/14,6,UYMVD_E1,572831966,6136774091,Ciudad Vieja 1
170,UYMVD_2014_11_25_24,UYMVD_SO2_T,24,SO2,ug/m3,25/11/14,8.5,UYMVD_E1,572831966,6136774091,Ciudad Vieja 1
171,UYMVD_2014_12_1_24,UYMVD_SO2_T,24,SO2,ug/m3,01/12/14,5.7,UYMVD_E1,572831966,6136774091,Ciudad Vieja 1
172,UYMVD_2014_12_7_24,UYMVD_SO2_T,24,SO2,ug/m3,07/12/14,5.6,UYMVD_E1,572831966,6136774091,Ciudad Vieja 1
173,UYMVD_2014_12_13_24,UYMVD_SO2_T,24,SO2,ug/m3,13/12/14,6.6,UYMVD_E1,572831966,6136774091,Ciudad Vieja 1
174,UYMVD_2014_12_19_24,UYMVD_SO2_T,24,SO2,ug/m3,19/12/14,24,UYMVD_E1,572831966,6136774091,Ciudad Vieja 1
175,UYMVD_2014_12_25_24,UYMVD_SO2_T,24,SO2,ug/m3,25/12/14,12,UYMVD_E1,572831966,6136774091,Ciudad Vieja 1
176,UYMVD_2014_12_31_24,UYMVD_SO2_T,24,SO2,ug/m3,31/12/14,14.2,UYMVD_E1,572831966,6136774091,Ciudad Vieja 1
177,UYMVD_2015_1_6_24,UYMVD_SO2_T,24,SO2,ug/m3,06/01/15,14.6,UYMVD_E1,572831966,6136774091,Ciudad Vieja 1
178,UYMVD_2015_1_12_24,UYMVD_SO2_T,24,SO2,ug/m3,12/01/15,9,UYMVD_E1,572831966,6136774091,Ciudad Vieja 1
179,UYMVD_2015_1_24_24,UYMVD_SO2_T,24,SO2,ug/m3,24/01/15,3.6,UYMVD_E1,572831966,6136774091,Ciudad Vieja 1
180,UYMVD_2015_1_30_24,UYMVD_SO2_T,24,SO2,ug/m3,30/01/15,7.9,UYMVD_E1,572831966,6136774091,Ciudad Vieja 1
181,UYMVD_2015_2_5_24,UYMVD_SO2_T,24,SO2,ug/m3,05/02/15,4,UYMVD_E1,572831966,6136774091,Ciudad Vieja 1
182,UYMVD_2015_2_11_24,UYMVD_SO2_T,24,SO2,ug/m3,11/02/15,15,UYMVD_E1,572831966,6136774091,Ciudad Vieja 1
183,UYMVD_2015_2_17_24,UYMVD_SO2_T,24,SO2,ug/m3,17/02/15,4.7,UYMVD_E1,572831966,6136774091,Ciudad Vieja 1
184,UYMVD_2015_2_23_24,UYMVD_SO2_T,24,SO2,ug/m3,23/02/15,9.8,UYMVD_E1,572831966,6136774091,Ciudad Vieja 1
185,UYMVD_2015_3_1_24,UYMVD_SO2_T,24,SO2,ug/m3,01/03/15,5.5,UYMVD_E1,572831966,6136774091,Ciudad Vieja 1
186,UYMVD_2015_3_7_24,UYMVD_SO2_T,24,SO2,ug/m3,07/03/15,6.3,UYMVD_E1,572831966,6136774091,Ciudad Vieja 1
187,UYMVD_2015_3_13_24,UYMVD_SO2_T,24,SO2,ug/m3,13/03/15,5.9,UYMVD_E1,572831966,6136774091,Ciudad Vieja 1
188,UYMVD_2015_3_19_24,UYMVD_SO2_T,24,SO2,ug/m3,19/03/15,5.8,UYMVD_E1,572831966,6136774091,Ciudad Vieja 1
189,UYMVD_2015_3_25_24,UYMVD_SO2_T,24,SO2,ug/m3,25/03/15,5.8,UYMVD_E1,572831966,6136774091,Ciudad Vieja 1
190,UYMVD_2015_3_31_24,UYMVD_SO2_T,24,SO2,ug/m3,31/03/15,12.1,UYMVD_E1,572831966,6136774091,Ciudad Vieja 1
191,UYMVD_2015_4_12_24,UYMVD_SO2_T,24,SO2,ug/m3,12/04/15,7.2,UYMVD_E1,572831966,6136774091,Ciudad Vieja 1
192,UYMVD_2015_4_18_24,UYMVD_SO2_T,24,SO2,ug/m3,18/04/15,10.4,UYMVD_E1,572831966,6136774091,Ciudad Vieja 1
193,UYMVD_2015_4_24_24,UYMVD_SO2_T,24,SO2,ug/m3,24/04/15,20.9,UYMVD_E1,572831966,6136774091,Ciudad Vieja 1
194,UYMVD_2015_4_30_24,UYMVD_SO2_T,24,SO2,ug/m3,30/04/15,2.2,UYMVD_E1,572831966,6136774091,Ciudad Vieja 1
195,UYMVD_2015_5_6_24,UYMVD_SO2_T,24,SO2,ug/m3,06/05/15,5.1,UYMVD_E1,572831966,6136774091,Ciudad Vieja 1
196,UYMVD_2015_5_12_24,UYMVD_SO2_T,24,SO2,ug/m3,12/05/15,6,UYMVD_E1,572831966,6136774091,Ciudad Vieja 1
197,UYMVD_2015_5_24_24,UYMVD_SO2_T,24,SO2,ug/m3,24/05/15,4.5,UYMVD_E1,572831966,6136774091,Ciudad Vieja 1
198,UYMVD_2015_5_30_24,UYMVD_SO2_T,24,SO2,ug/m3,30/05/15,31.7,UYMVD_E1,572831966,6136774091,Ciudad Vieja 1
199,UYMVD_2015_6_5_24,UYMVD_SO2_T,24,SO2,ug/m3,05/06/15,17.8,UYMVD_E1,572831966,6136774091,Ciudad Vieja 1
200,UYMVD_2015_6_11_24,UYMVD_SO2_T,24,SO2,ug/m3,11/06/15,15.3,UYMVD_E1,572831966,6136774091,Ciudad Vieja 1
201,UYMVD_2015_6_17_24,UYMVD_SO2_T,24,SO2,ug/m3,17/06/15,24.5,UYMVD_E1,572831966,6136774091,Ciudad Vieja 1
202,UYMVD_2015_6_23_24,UYMVD_SO2_T,24,SO2,ug/m3,23/06/15,11.5,UYMVD_E1,572831966,6136774091,Ciudad Vieja 1
203,UYMVD_2015_6_29_24,UYMVD_SO2_T,24,SO2,ug/m3,29/06/15,10.2,UYMVD_E1,572831966,6136774091,Ciudad Vieja 1
204,UYMVD_2015_7_5_24,UYMVD_SO2_T,24,SO2,ug/m3,05/07/15,10,UYMVD_E1,572831966,6136774091,Ciudad Vieja 1
205,UYMVD_2015_7_11_24,UYMVD_SO2_T,24,SO2,ug/m3,11/07/15,5.3,UYMVD_E1,572831966,6136774091,Ciudad Vieja 1
206,UYMVD_2015_7_17_24,UYMVD_SO2_T,24,SO2,ug/m3,17/07/15,1.3,UYMVD_E1,572831966,6136774091,Ciudad Vieja 1
207,UYMVD_2015_7_23_24,UYMVD_SO2_T,24,SO2,ug/m3,23/07/15,11.1,UYMVD_E1,572831966,6136774091,Ciudad Vieja 1
208,UYMVD_2015_7_29_24,UYMVD_SO2_T,24,SO2,ug/m3,29/07/15,1.3,UYMVD_E1,572831966,6136774091,Ciudad Vieja 1
209,UYMVD_2015_8_4_24,UYMVD_SO2_T,24,SO2,ug/m3,04/08/15,5.9,UYMVD_E1,572831966,6136774091,Ciudad Vieja 1
210,UYMVD_2015_8_10_24,UYMVD_SO2_T,24,SO2,ug/m3,10/08/15,4,UYMVD_E1,572831966,6136774091,Ciudad Vieja 1
211,UYMVD_2015_8_16_24,UYMVD_SO2_T,24,SO2,ug/m3,16/08/15,4.4,UYMVD_E1,572831966,6136774091,Ciudad Vieja 1
212,UYMVD_2015_8_22_24,UYMVD_SO2_T,24,SO2,ug/m3,22/08/15,1.4,UYMVD_E1,572831966,6136774091,Ciudad Vieja 1
213,UYMVD_2015_8_28_24,UYMVD_SO2_T,24,SO2,ug/m3,28/08/15,8.4,UYMVD_E1,572831966,6136774091,Ciudad Vieja 1
214,UYMVD_2015_9_3_24,UYMVD_SO2_T,24,SO2,ug/m3,03/09/15,4.5,UYMVD_E1,572831966,6136774091,Ciudad Vieja 1
215,UYMVD_2015_9_9_24,UYMVD_SO2_T,24,SO2,ug/m3,09/09/15,1.7,UYMVD_E1,572831966,6136774091,Ciudad Vieja 1
216,UYMVD_2015_9_15_24,UYMVD_SO2_T,24,SO2,ug/m3,15/09/15,3.9,UYMVD_E1,572831966,6136774091,Ciudad Vieja 1
217,UYMVD_2015_9_21_24,UYMVD_SO2_T,24,SO2,ug/m3,21/09/15,0.5,UYMVD_E1,572831966,6136774091,Ciudad Vieja 1
218,UYMVD_2015_9_27_24,UYMVD_SO2_T,24,SO2,ug/m3,27/09/15,5,UYMVD_E1,572831966,6136774091,Ciudad Vieja 1
219,UYMVD_2015_10_3_24,UYMVD_SO2_T,24,SO2,ug/m3,03/10/15,0.5,UYMVD_E1,572831966,6136774091,Ciudad Vieja 1
220,UYMVD_2015_10_9_24,UYMVD_SO2_T,24,SO2,ug/m3,09/10/15,0.9,UYMVD_E1,572831966,6136774091,Ciudad Vieja 1
221,UYMVD_2015_10_15_24,UYMVD_SO2_T,24,SO2,ug/m3,15/10/15,7.5,UYMVD_E1,572831966,6136774091,Ciudad Vieja 1
222,UYMVD_2015_10_21_24,UYMVD_SO2_T,24,SO2,ug/m3,21/10/15,3.7,UYMVD_E1,572831966,6136774091,Ciudad Vieja 1
223,UYMVD_2015_10_27_24,UYMVD_SO2_T,24,SO2,ug/m3,27/10/15,0.6,UYMVD_E1,572831966,6136774091,Ciudad Vieja 1
224,UYMVD_2015_11_2_24,UYMVD_SO2_T,24,SO2,ug/m3,02/11/15,0.5,UYMVD_E1,572831966,6136774091,Ciudad Vieja 1
225,UYMVD_2015_11_8_24,UYMVD_SO2_T,24,SO2,ug/m3,08/11/15,0.4,UYMVD_E1,572831966,6136774091,Ciudad Vieja 1
226,UYMVD_2015_11_14_24,UYMVD_SO2_T,24,SO2,ug/m3,14/11/15,0.5,UYMVD_E1,572831966,6136774091,Ciudad Vieja 1
227,UYMVD_2015_11_20_24,UYMVD_SO2_T,24,SO2,ug/m3,20/11/15,0.6,UYMVD_E1,572831966,6136774091,Ciudad Vieja 1
228,UYMVD_2015_11_26_24,UYMVD_SO2_T,24,SO2,ug/m3,26/11/15,0.5,UYMVD_E1,572831966,6136774091,Ciudad Vieja 1
229,UYMVD_2015_12_2_24,UYMVD_SO2_T,24,SO2,ug/m3,02/12/15,0.5,UYMVD_E1,572831966,6136774091,Ciudad Vieja 1
230,UYMVD_2015_12_8_24,UYMVD_SO2_T,24,SO2,ug/m3,08/12/15,0.5,UYMVD_E1,572831966,6136774091,Ciudad Vieja 1
231,UYMVD_2015_12_14_24,UYMVD_SO2_T,24,SO2,ug/m3,14/12/15,0.5,UYMVD_E1,572831966,6136774091,Ciudad Vieja 1
232,UYMVD_2015_12_20_24,UYMVD_SO2_T,24,SO2,ug/m3,20/12/15,0.4,UYMVD_E1,572831966,6136774091,Ciudad Vieja 1
233,UYMVD_2015_12_26_24,UYMVD_SO2_T,24,SO2,ug/m3,26/12/15,0.4,UYMVD_E1,572831966,6136774091,Ciudad Vieja 1
234,UYMVD_2012_3_4_24,UYMVD_SO2_T,24,SO2,ug/m3,04/03/12,8.22,UYMVD_E3,570825.02,6142476699,La Teja 2
235,UYMVD_2012_3_10_24,UYMVD_SO2_T,24,SO2,ug/m3,10/03/12,7.22,UYMVD_E3,570825.02,6142476699,La Teja 2
236,UYMVD_2012_1_4_24,UYMVD_SO2_T,24,SO2,ug/m3,04/01/12,5.92,UYMVD_E4,573289796,6142937531,Prado
237,UYMVD_2012_1_10_24,UYMVD_SO2_T,24,SO2,ug/m3,10/01/12,3.79,UYMVD_E4,573289796,6142937531,Prado
238,UYMVD_2012_1_16_24,UYMVD_SO2_T,24,SO2,ug/m3,16/01/12,5.97,UYMVD_E4,573289796,6142937531,Prado
239,UYMVD_2012_1_22_24,UYMVD_SO2_T,24,SO2,ug/m3,22/01/12,4.38,UYMVD_E4,573289796,6142937531,Prado
240,UYMVD_2012_1_28_24,UYMVD_SO2_T,24,SO2,ug/m3,28/01/12,5.85,UYMVD_E4,573289796,6142937531,Prado
241,UYMVD_2012_2_3_24,UYMVD_SO2_T,24,SO2,ug/m3,03/02/12,6.26,UYMVD_E4,573289796,6142937531,Prado
242,UYMVD_2012_2_9_24,UYMVD_SO2_T,24,SO2,ug/m3,09/02/12,4.29,UYMVD_E4,573289796,6142937531,Prado
243,UYMVD_2012_2_21_24,UYMVD_SO2_T,24,SO2,ug/m3,21/02/12,9.32,UYMVD_E4,573289796,6142937531,Prado
244,UYMVD_2012_2_27_24,UYMVD_SO2_T,24,SO2,ug/m3,27/02/12,19.39,UYMVD_E4,573289796,6142937531,Prado
245,UYMVD_2012_3_16_24,UYMVD_SO2_T,24,SO2,ug/m3,16/03/12,6.67,UYMVD_E4,573289796,6142937531,Prado
246,UYMVD_2012_3_22_24,UYMVD_SO2_T,24,SO2,ug/m3,22/03/12,34.71,UYMVD_E4,573289796,6142937531,Prado
247,UYMVD_2012_3_28_24,UYMVD_SO2_T,24,SO2,ug/m3,28/03/12,39.07,UYMVD_E4,573289796,6142937531,Prado
248,UYMVD_2012_4_3_24,UYMVD_SO2_T,24,SO2,ug/m3,03/04/12,5.53,UYMVD_E4,573289796,6142937531,Prado
249,UYMVD_2012_4_9_24,UYMVD_SO2_T,24,SO2,ug/m3,09/04/12,4.19,UYMVD_E4,573289796,6142937531,Prado
250,UYMVD_2012_4_15_24,UYMVD_SO2_T,24,SO2,ug/m3,15/04/12,11.01,UYMVD_E4,573289796,6142937531,Prado
251,UYMVD_2012_4_21_24,UYMVD_SO2_T,24,SO2,ug/m3,21/04/12,6.19,UYMVD_E4,573289796,6142937531,Prado
252,UYMVD_2012_5_3_24,UYMVD_SO2_T,24,SO2,ug/m3,03/05/12,11.19,UYMVD_E4,573289796,6142937531,Prado
253,UYMVD_2012_5_9_24,UYMVD_SO2_T,24,SO2,ug/m3,09/05/12,7.38,UYMVD_E4,573289796,6142937531,Prado
254,UYMVD_2012_5_15_24,UYMVD_SO2_T,24,SO2,ug/m3,15/05/12,4.89,UYMVD_E4,573289796,6142937531,Prado
255,UYMVD_2012_6_2_24,UYMVD_SO2_T,24,SO2,ug/m3,02/06/12,3.05,UYMVD_E4,573289796,6142937531,Prado
256,UYMVD_2012_6_8_24,UYMVD_SO2_T,24,SO2,ug/m3,08/06/12,7.42,UYMVD_E4,573289796,6142937531,Prado
257,UYMVD_2012_7_2_24,UYMVD_SO2_T,24,SO2,ug/m3,02/07/12,3.44,UYMVD_E5,576888639,6139057236,Tres Cruces
258,UYMVD_2012_7_8_24,UYMVD_SO2_T,24,SO2,ug/m3,08/07/12,17.41,UYMVD_E5,576888639,6139057236,Tres Cruces
259,UYMVD_2012_7_14_24,UYMVD_SO2_T,24,SO2,ug/m3,14/07/12,16.95,UYMVD_E5,576888639,6139057236,Tres Cruces
260,UYMVD_2012_7_20_24,UYMVD_SO2_T,24,SO2,ug/m3,20/07/12,49.03,UYMVD_E5,576888639,6139057236,Tres Cruces
261,UYMVD_2012_7_26_24,UYMVD_SO2_T,24,SO2,ug/m3,26/07/12,19.34,UYMVD_E5,576888639,6139057236,Tres Cruces
262,UYMVD_2012_8_1_24,UYMVD_SO2_T,24,SO2,ug/m3,01/08/12,34.45,UYMVD_E5,576888639,6139057236,Tres Cruces
263,UYMVD_2012_8_7_24,UYMVD_SO2_T,24,SO2,ug/m3,07/08/12,7.44,UYMVD_E5,576888639,6139057236,Tres Cruces
264,UYMVD_2012_8_13_24,UYMVD_SO2_T,24,SO2,ug/m3,13/08/12,18.36,UYMVD_E5,576888639,6139057236,Tres Cruces
265,UYMVD_2012_8_19_24,UYMVD_SO2_T,24,SO2,ug/m3,19/08/12,27.23,UYMVD_E5,576888639,6139057236,Tres Cruces
266,UYMVD_2012_8_26_24,UYMVD_SO2_T,24,SO2,ug/m3,26/08/12,5.83,UYMVD_E5,576888639,6139057236,Tres Cruces
267,UYMVD_2012_8_31_24,UYMVD_SO2_T,24,SO2,ug/m3,31/08/12,24.22,UYMVD_E5,576888639,6139057236,Tres Cruces
268,UYMVD_2012_9_6_24,UYMVD_SO2_T,24,SO2,ug/m3,06/09/12,4.16,UYMVD_E5,576888639,6139057236,Tres Cruces
269,UYMVD_2012_9_12_24,UYMVD_SO2_T,24,SO2,ug/m3,12/09/12,28.97,UYMVD_E5,576888639,6139057236,Tres Cruces
270,UYMVD_2012_9_18_24,UYMVD_SO2_T,24,SO2,ug/m3,18/09/12,0.15,UYMVD_E5,576888639,6139057236,Tres Cruces
271,UYMVD_2012_9_24_24,UYMVD_SO2_T,24,SO2,ug/m3,24/09/12,8.62,UYMVD_E5,576888639,6139057236,Tres Cruces
272,UYMVD_2012_9_30_24,UYMVD_SO2_T,24,SO2,ug/m3,30/09/12,4,UYMVD_E5,576888639,6139057236,Tres Cruces
273,UYMVD_2012_10_6_24,UYMVD_SO2_T,24,SO2,ug/m3,06/10/12,15.75,UYMVD_E5,576888639,6139057236,Tres Cruces
274,UYMVD_2012_10_12_24,UYMVD_SO2_T,24,SO2,ug/m3,12/10/12,13.42,UYMVD_E5,576888639,6139057236,Tres Cruces
275,UYMVD_2012_10_18_24,UYMVD_SO2_T,24,SO2,ug/m3,18/10/12,8.7,UYMVD_E5,576888639,6139057236,Tres Cruces
276,UYMVD_2012_10_24_24,UYMVD_SO2_T,24,SO2,ug/m3,24/10/12,11.43,UYMVD_E5,576888639,6139057236,Tres Cruces
277,UYMVD_2012_10_30_24,UYMVD_SO2_T,24,SO2,ug/m3,30/10/12,6.2,UYMVD_E5,576888639,6139057236,Tres Cruces
278,UYMVD_2012_11_5_24,UYMVD_SO2_T,24,SO2,ug/m3,05/11/12,16.65,UYMVD_E5,576888639,6139057236,Tres Cruces
279,UYMVD_2012_11_11_24,UYMVD_SO2_T,24,SO2,ug/m3,11/11/12,1.2,UYMVD_E5,576888639,6139057236,Tres Cruces
280,UYMVD_2012_11_23_24,UYMVD_SO2_T,24,SO2,ug/m3,23/11/12,5.64,UYMVD_E5,576888639,6139057236,Tres Cruces
281,UYMVD_2012_11_29_24,UYMVD_SO2_T,24,SO2,ug/m3,29/11/12,7.75,UYMVD_E5,576888639,6139057236,Tres Cruces
282,UYMVD_2012_12_5_24,UYMVD_SO2_T,24,SO2,ug/m3,05/12/12,16.34,UYMVD_E5,576888639,6139057236,Tres Cruces
283,UYMVD_2012_12_23_24,UYMVD_SO2_T,24,SO2,ug/m3,23/12/12,3.68,UYMVD_E5,576888639,6139057236,Tres Cruces
284,UYMVD_2012_12_29_24,UYMVD_SO2_T,24,SO2,ug/m3,29/12/12,11.16,UYMVD_E5,576888639,6139057236,Tres Cruces
285,UYMVD_2013_1_10_24,UYMVD_SO2_T,24,SO2,ug/m3,10/01/13,6.3,UYMVD_E5,576179378,6138373493,Tres Cruces 2
286,UYMVD_2013_1_16_24,UYMVD_SO2_T,24,SO2,ug/m3,16/01/13,7,UYMVD_E5,576179378,6138373493,Tres Cruces 2
287,UYMVD_2013_1_22_24,UYMVD_SO2_T,24,SO2,ug/m3,22/01/13,8.5,UYMVD_E5,576179378,6138373493,Tres Cruces 2
288,UYMVD_2013_1_28_24,UYMVD_SO2_T,24,SO2,ug/m3,28/01/13,10.1,UYMVD_E5,576179378,6138373493,Tres Cruces 2
289,UYMVD_2013_2_3_24,UYMVD_SO2_T,24,SO2,ug/m3,03/02/13,16.9,UYMVD_E5,576179378,6138373493,Tres Cruces 2
290,UYMVD_2013_2_9_24,UYMVD_SO2_T,24,SO2,ug/m3,09/02/13,21,UYMVD_E5,576179378,6138373493,Tres Cruces 2
291,UYMVD_2013_2_15_24,UYMVD_SO2_T,24,SO2,ug/m3,15/02/13,11.5,UYMVD_E5,576179378,6138373493,Tres Cruces 2
292,UYMVD_2013_2_21_24,UYMVD_SO2_T,24,SO2,ug/m3,21/02/13,5.9,UYMVD_E5,576179378,6138373493,Tres Cruces 2
293,UYMVD_2013_2_27_24,UYMVD_SO2_T,24,SO2,ug/m3,27/02/13,8.2,UYMVD_E5,576179378,6138373493,Tres Cruces 2
294,UYMVD_2013_3_5_24,UYMVD_SO2_T,24,SO2,ug/m3,05/03/13,11,UYMVD_E5,576179378,6138373493,Tres Cruces 2
295,UYMVD_2013_3_11_24,UYMVD_SO2_T,24,SO2,ug/m3,11/03/13,11.7,UYMVD_E5,576179378,6138373493,Tres Cruces 2
296,UYMVD_2013_3_17_24,UYMVD_SO2_T,24,SO2,ug/m3,17/03/13,1.6,UYMVD_E5,576179378,6138373493,Tres Cruces 2
297,UYMVD_2013_3_29_24,UYMVD_SO2_T,24,SO2,ug/m3,29/03/13,5.4,UYMVD_E5,576179378,6138373493,Tres Cruces 2
298,UYMVD_2013_4_4_24,UYMVD_SO2_T,24,SO2,ug/m3,04/04/13,19.9,UYMVD_E5,576179378,6138373493,Tres Cruces 2
299,UYMVD_2013_4_16_24,UYMVD_SO2_T,24,SO2,ug/m3,16/04/13,5,UYMVD_E5,576179378,6138373493,Tres Cruces 2
300,UYMVD_2013_4_22_24,UYMVD_SO2_T,24,SO2,ug/m3,22/04/13,3.5,UYMVD_E5,576179378,6138373493,Tres Cruces 2
301,UYMVD_2013_4_28_24,UYMVD_SO2_T,24,SO2,ug/m3,28/04/13,8.2,UYMVD_E5,576179378,6138373493,Tres Cruces 2
302,UYMVD_2013_5_4_24,UYMVD_SO2_T,24,SO2,ug/m3,04/05/13,13.2,UYMVD_E5,576179378,6138373493,Tres Cruces 2
303,UYMVD_2013_5_10_24,UYMVD_SO2_T,24,SO2,ug/m3,10/05/13,5.4,UYMVD_E5,576179378,6138373493,Tres Cruces 2
304,UYMVD_2013_5_16_24,UYMVD_SO2_T,24,SO2,ug/m3,16/05/13,12.6,UYMVD_E5,576179378,6138373493,Tres Cruces 2
305,UYMVD_2013_5_22_24,UYMVD_SO2_T,24,SO2,ug/m3,22/05/13,6.6,UYMVD_E5,576179378,6138373493,Tres Cruces 2
306,UYMVD_2013_5_28_24,UYMVD_SO2_T,24,SO2,ug/m3,28/05/13,12.7,UYMVD_E5,576179378,6138373493,Tres Cruces 2
307,UYMVD_2013_6_3_24,UYMVD_SO2_T,24,SO2,ug/m3,03/06/13,6.9,UYMVD_E5,576179378,6138373493,Tres Cruces 2
308,UYMVD_2013_6_9_24,UYMVD_SO2_T,24,SO2,ug/m3,09/06/13,3.2,UYMVD_E5,576179378,6138373493,Tres Cruces 2
309,UYMVD_2013_6_15_24,UYMVD_SO2_T,24,SO2,ug/m3,15/06/13,8.9,UYMVD_E5,576179378,6138373493,Tres Cruces 2
310,UYMVD_2013_6_21_24,UYMVD_SO2_T,24,SO2,ug/m3,21/06/13,26.3,UYMVD_E5,576179378,6138373493,Tres Cruces 2
311,UYMVD_2013_6_27_24,UYMVD_SO2_T,24,SO2,ug/m3,27/06/13,21.4,UYMVD_E5,576179378,6138373493,Tres Cruces 2
312,UYMVD_2013_7_3_24,UYMVD_SO2_T,24,SO2,ug/m3,03/07/13,6.3,UYMVD_E5,576179378,6138373493,Tres Cruces 2
313,UYMVD_2013_7_9_24,UYMVD_SO2_T,24,SO2,ug/m3,09/07/13,11.4,UYMVD_E5,576179378,6138373493,Tres Cruces 2
314,UYMVD_2013_7_15_24,UYMVD_SO2_T,24,SO2,ug/m3,15/07/13,17.6,UYMVD_E5,576179378,6138373493,Tres Cruces 2
315,UYMVD_2013_7_21_24,UYMVD_SO2_T,24,SO2,ug/m3,21/07/13,7.2,UYMVD_E5,576179378,6138373493,Tres Cruces 2
316,UYMVD_2013_8_2_24,UYMVD_SO2_T,24,SO2,ug/m3,02/08/13,22.4,UYMVD_E5,576179378,6138373493,Tres Cruces 2
317,UYMVD_2013_8_8_24,UYMVD_SO2_T,24,SO2,ug/m3,08/08/13,18.7,UYMVD_E5,576179378,6138373493,Tres Cruces 2
318,UYMVD_2013_8_14_24,UYMVD_SO2_T,24,SO2,ug/m3,14/08/13,10.9,UYMVD_E5,576179378,6138373493,Tres Cruces 2
319,UYMVD_2013_8_20_24,UYMVD_SO2_T,24,SO2,ug/m3,20/08/13,14.4,UYMVD_E5,576179378,6138373493,Tres Cruces 2
320,UYMVD_2013_8_26_24,UYMVD_SO2_T,24,SO2,ug/m3,26/08/13,17,UYMVD_E5,576179378,6138373493,Tres Cruces 2
321,UYMVD_2013_9_1_24,UYMVD_SO2_T,24,SO2,ug/m3,01/09/13,20.6,UYMVD_E5,576179378,6138373493,Tres Cruces 2
322,UYMVD_2013_9_7_24,UYMVD_SO2_T,24,SO2,ug/m3,07/09/13,0.2,UYMVD_E5,576179378,6138373493,Tres Cruces 2
323,UYMVD_2013_9_19_24,UYMVD_SO2_T,24,SO2,ug/m3,19/09/13,16.4,UYMVD_E5,576179378,6138373493,Tres Cruces 2
324,UYMVD_2013_9_25_24,UYMVD_SO2_T,24,SO2,ug/m3,25/09/13,13.6,UYMVD_E5,576179378,6138373493,Tres Cruces 2
325,UYMVD_2013_10_1_24,UYMVD_SO2_T,24,SO2,ug/m3,01/10/13,10.1,UYMVD_E5,576179378,6138373493,Tres Cruces 2
326,UYMVD_2013_10_7_24,UYMVD_SO2_T,24,SO2,ug/m3,07/10/13,10.8,UYMVD_E5,576179378,6138373493,Tres Cruces 2
327,UYMVD_2013_10_13_24,UYMVD_SO2_T,24,SO2,ug/m3,13/10/13,11,UYMVD_E5,576179378,6138373493,Tres Cruces 2
328,UYMVD_2013_10_19_24,UYMVD_SO2_T,24,SO2,ug/m3,19/10/13,8,UYMVD_E5,576179378,6138373493,Tres Cruces 2
329,UYMVD_2013_10_25_24,UYMVD_SO2_T,24,SO2,ug/m3,25/10/13,11.6,UYMVD_E5,576179378,6138373493,Tres Cruces 2
330,UYMVD_2013_10_31_24,UYMVD_SO2_T,24,SO2,ug/m3,31/10/13,7.7,UYMVD_E5,576179378,6138373493,Tres Cruces 2
331,UYMVD_2013_11_6_24,UYMVD_SO2_T,24,SO2,ug/m3,06/11/13,2,UYMVD_E5,576179378,6138373493,Tres Cruces 2
332,UYMVD_2013_11_12_24,UYMVD_SO2_T,24,SO2,ug/m3,12/11/13,0.2,UYMVD_E5,576179378,6138373493,Tres Cruces 2
333,UYMVD_2013_11_18_24,UYMVD_SO2_T,24,SO2,ug/m3,18/11/13,6.6,UYMVD_E5,576179378,6138373493,Tres Cruces 2
334,UYMVD_2013_11_24_24,UYMVD_SO2_T,24,SO2,ug/m3,24/11/13,2.4,UYMVD_E5,576179378,6138373493,Tres Cruces 2
335,UYMVD_2013_11_30_24,UYMVD_SO2_T,24,SO2,ug/m3,30/11/13,2.3,UYMVD_E5,576179378,6138373493,Tres Cruces 2
336,UYMVD_2013_12_6_24,UYMVD_SO2_T,24,SO2,ug/m3,06/12/13,2.8,UYMVD_E5,576179378,6138373493,Tres Cruces 2
337,UYMVD_2013_12_12_24,UYMVD_SO2_T,24,SO2,ug/m3,12/12/13,6.8,UYMVD_E5,576179378,6138373493,Tres Cruces 2
338,UYMVD_2013_12_24_24,UYMVD_SO2_T,24,SO2,ug/m3,24/12/13,10.4,UYMVD_E5,576179378,6138373493,Tres Cruces 2
339,UYMVD_2013_12_30_24,UYMVD_SO2_T,24,SO2,ug/m3,30/12/13,15.8,UYMVD_E5,576179378,6138373493,Tres Cruces 2
340,UYMVD_2014_1_5_24,UYMVD_SO2_T,24,SO2,ug/m3,05/01/14,10.8,UYMVD_E5,576179378,6138373493,Tres Cruces 2
341,UYMVD_2014_1_11_24,UYMVD_SO2_T,24,SO2,ug/m3,11/01/14,3.7,UYMVD_E5,576179378,6138373493,Tres Cruces 2
342,UYMVD_2014_1_17_24,UYMVD_SO2_T,24,SO2,ug/m3,17/01/14,7.2,UYMVD_E5,576179378,6138373493,Tres Cruces 2
343,UYMVD_2014_1_23_24,UYMVD_SO2_T,24,SO2,ug/m3,23/01/14,6,UYMVD_E5,576179378,6138373493,Tres Cruces 2
344,UYMVD_2014_1_29_24,UYMVD_SO2_T,24,SO2,ug/m3,29/01/14,7,UYMVD_E5,576179378,6138373493,Tres Cruces 2
345,UYMVD_2014_2_16_24,UYMVD_SO2_T,24,SO2,ug/m3,16/02/14,2.9,UYMVD_E5,576179378,6138373493,Tres Cruces 2
346,UYMVD_2014_2_22_24,UYMVD_SO2_T,24,SO2,ug/m3,22/02/14,9.8,UYMVD_E5,576179378,6138373493,Tres Cruces 2
347,UYMVD_2014_2_28_24,UYMVD_SO2_T,24,SO2,ug/m3,28/02/14,9.2,UYMVD_E5,576179378,6138373493,Tres Cruces 2
348,UYMVD_2014_3_6_24,UYMVD_SO2_T,24,SO2,ug/m3,06/03/14,6.4,UYMVD_E5,576179378,6138373493,Tres Cruces 2
349,UYMVD_2014_3_12_24,UYMVD_SO2_T,24,SO2,ug/m3,12/03/14,8.1,UYMVD_E5,576179378,6138373493,Tres Cruces 2
350,UYMVD_2014_3_24_24,UYMVD_SO2_T,24,SO2,ug/m3,24/03/14,11.9,UYMVD_E5,576179378,6138373493,Tres Cruces 2
351,UYMVD_2014_3_30_24,UYMVD_SO2_T,24,SO2,ug/m3,30/03/14,0.2,UYMVD_E5,576179378,6138373493,Tres Cruces 2
352,UYMVD_2014_4_5_24,UYMVD_SO2_T,24,SO2,ug/m3,05/04/14,17.4,UYMVD_E5,576179378,6138373493,Tres Cruces 2
353,UYMVD_2014_4_17_24,UYMVD_SO2_T,24,SO2,ug/m3,17/04/14,9.6,UYMVD_E5,576179378,6138373493,Tres Cruces 2
354,UYMVD_2014_4_23_24,UYMVD_SO2_T,24,SO2,ug/m3,23/04/14,9.9,UYMVD_E5,576179378,6138373493,Tres Cruces 2
355,UYMVD_2014_4_29_24,UYMVD_SO2_T,24,SO2,ug/m3,29/04/14,15.3,UYMVD_E5,576179378,6138373493,Tres Cruces 2
356,UYMVD_2014_5_5_24,UYMVD_SO2_T,24,SO2,ug/m3,05/05/14,13.5,UYMVD_E5,576179378,6138373493,Tres Cruces 2
357,UYMVD_2014_5_11_24,UYMVD_SO2_T,24,SO2,ug/m3,11/05/14,8.5,UYMVD_E5,576179378,6138373493,Tres Cruces 2
358,UYMVD_2014_5_17_24,UYMVD_SO2_T,24,SO2,ug/m3,17/05/14,10.9,UYMVD_E5,576179378,6138373493,Tres Cruces 2
359,UYMVD_2014_5_23_24,UYMVD_SO2_T,24,SO2,ug/m3,23/05/14,8.4,UYMVD_E5,576179378,6138373493,Tres Cruces 2
360,UYMVD_2014_5_29_24,UYMVD_SO2_T,24,SO2,ug/m3,29/05/14,11.6,UYMVD_E5,576179378,6138373493,Tres Cruces 2
361,UYMVD_2014_6_4_24,UYMVD_SO2_T,24,SO2,ug/m3,04/06/14,7.2,UYMVD_E5,576179378,6138373493,Tres Cruces 2
362,UYMVD_2014_6_10_24,UYMVD_SO2_T,24,SO2,ug/m3,10/06/14,12.3,UYMVD_E5,576179378,6138373493,Tres Cruces 2
363,UYMVD_2014_6_16_24,UYMVD_SO2_T,24,SO2,ug/m3,16/06/14,7.2,UYMVD_E5,576179378,6138373493,Tres Cruces 2
364,UYMVD_2014_6_22_24,UYMVD_SO2_T,24,SO2,ug/m3,22/06/14,7.3,UYMVD_E5,576179378,6138373493,Tres Cruces 2
365,UYMVD_2014_6_28_24,UYMVD_SO2_T,24,SO2,ug/m3,28/06/14,7.6,UYMVD_E5,576179378,6138373493,Tres Cruces 2
366,UYMVD_2014_7_4_24,UYMVD_SO2_T,24,SO2,ug/m3,04/07/14,7.1,UYMVD_E5,576179378,6138373493,Tres Cruces 2
367,UYMVD_2014_7_10_24,UYMVD_SO2_T,24,SO2,ug/m3,10/07/14,12.4,UYMVD_E5,576179378,6138373493,Tres Cruces 2
368,UYMVD_2014_7_16_24,UYMVD_SO2_T,24,SO2,ug/m3,16/07/14,5.9,UYMVD_E5,576179378,6138373493,Tres Cruces 2
369,UYMVD_2014_7_22_24,UYMVD_SO2_T,24,SO2,ug/m3,22/07/14,4.3,UYMVD_E5,576179378,6138373493,Tres Cruces 2
370,UYMVD_2014_7_28_24,UYMVD_SO2_T,24,SO2,ug/m3,28/07/14,0.6,UYMVD_E5,576179378,6138373493,Tres Cruces 2
371,UYMVD_2014_8_3_24,UYMVD_SO2_T,24,SO2,ug/m3,03/08/14,4.7,UYMVD_E5,576179378,6138373493,Tres Cruces 2
372,UYMVD_2014_8_9_24,UYMVD_SO2_T,24,SO2,ug/m3,09/08/14,1.2,UYMVD_E5,576179378,6138373493,Tres Cruces 2
373,UYMVD_2014_8_15_24,UYMVD_SO2_T,24,SO2,ug/m3,15/08/14,3,UYMVD_E5,576179378,6138373493,Tres Cruces 2
374,UYMVD_2014_8_21_24,UYMVD_SO2_T,24,SO2,ug/m3,21/08/14,6.6,UYMVD_E5,576179378,6138373493,Tres Cruces 2
375,UYMVD_2014_8_27_24,UYMVD_SO2_T,24,SO2,ug/m3,27/08/14,3.9,UYMVD_E5,576179378,6138373493,Tres Cruces 2
376,UYMVD_2014_9_2_24,UYMVD_SO2_T,24,SO2,ug/m3,02/09/14,9.6,UYMVD_E5,576179378,6138373493,Tres Cruces 2
377,UYMVD_2014_9_8_24,UYMVD_SO2_T,24,SO2,ug/m3,08/09/14,4.5,UYMVD_E5,576179378,6138373493,Tres Cruces 2
378,UYMVD_2014_9_14_24,UYMVD_SO2_T,24,SO2,ug/m3,14/09/14,4.9,UYMVD_E5,576179378,6138373493,Tres Cruces 2
379,UYMVD_2014_9_20_24,UYMVD_SO2_T,24,SO2,ug/m3,20/09/14,2,UYMVD_E5,576179378,6138373493,Tres Cruces 2
380,UYMVD_2014_9_26_24,UYMVD_SO2_T,24,SO2,ug/m3,26/09/14,3.7,UYMVD_E5,576179378,6138373493,Tres Cruces 2
381,UYMVD_2014_10_2_24,UYMVD_SO2_T,24,SO2,ug/m3,02/10/14,3.8,UYMVD_E5,576179378,6138373493,Tres Cruces 2
382,UYMVD_2014_10_8_24,UYMVD_SO2_T,24,SO2,ug/m3,08/10/14,11,UYMVD_E5,576179378,6138373493,Tres Cruces 2
383,UYMVD_2014_10_14_24,UYMVD_SO2_T,24,SO2,ug/m3,14/10/14,10.2,UYMVD_E5,576179378,6138373493,Tres Cruces 2
384,UYMVD_2014_10_20_24,UYMVD_SO2_T,24,SO2,ug/m3,20/10/14,4.5,UYMVD_E5,576179378,6138373493,Tres Cruces 2
385,UYMVD_2014_10_26_24,UYMVD_SO2_T,24,SO2,ug/m3,26/10/14,6.2,UYMVD_E5,576179378,6138373493,Tres Cruces 2
386,UYMVD_2014_11_1_24,UYMVD_SO2_T,24,SO2,ug/m3,01/11/14,7.9,UYMVD_E5,576179378,6138373493,Tres Cruces 2
387,UYMVD_2014_11_7_24,UYMVD_SO2_T,24,SO2,ug/m3,07/11/14,6.1,UYMVD_E5,576179378,6138373493,Tres Cruces 2
388,UYMVD_2014_11_13_24,UYMVD_SO2_T,24,SO2,ug/m3,13/11/14,9.7,UYMVD_E5,576179378,6138373493,Tres Cruces 2
389,UYMVD_2014_11_19_24,UYMVD_SO2_T,24,SO2,ug/m3,19/11/14,3.9,UYMVD_E5,576179378,6138373493,Tres Cruces 2
390,UYMVD_2014_11_25_24,UYMVD_SO2_T,24,SO2,ug/m3,25/11/14,8.3,UYMVD_E5,576179378,6138373493,Tres Cruces 2
391,UYMVD_2014_12_1_24,UYMVD_SO2_T,24,SO2,ug/m3,01/12/14,8.4,UYMVD_E5,576179378,6138373493,Tres Cruces 2
392,UYMVD_2014_12_7_24,UYMVD_SO2_T,24,SO2,ug/m3,07/12/14,6.2,UYMVD_E5,576179378,6138373493,Tres Cruces 2
393,UYMVD_2014_12_13_24,UYMVD_SO2_T,24,SO2,ug/m3,13/12/14,9.6,UYMVD_E5,576179378,6138373493,Tres Cruces 2
394,UYMVD_2014_12_19_24,UYMVD_SO2_T,24,SO2,ug/m3,19/12/14,16.3,UYMVD_E5,576179378,6138373493,Tres Cruces 2
395,UYMVD_2014_12_25_24,UYMVD_SO2_T,24,SO2,ug/m3,25/12/14,8.8,UYMVD_E5,576179378,6138373493,Tres Cruces 2
396,UYMVD_2014_12_31_24,UYMVD_SO2_T,24,SO2,ug/m3,31/12/14,5.4,UYMVD_E5,576179378,6138373493,Tres Cruces 2
397,UYMVD_2015_1_6_24,UYMVD_SO2_T,24,SO2,ug/m3,06/01/15,7.3,UYMVD_E5,576179378,6138373493,Tres Cruces 2
398,UYMVD_2015_1_12_24,UYMVD_SO2_T,24,SO2,ug/m3,12/01/15,8.8,UYMVD_E5,576179378,6138373493,Tres Cruces 2
399,UYMVD_2015_1_24_24,UYMVD_SO2_T,24,SO2,ug/m3,24/01/15,2.5,UYMVD_E5,576179378,6138373493,Tres Cruces 2
400,UYMVD_2015_1_30_24,UYMVD_SO2_T,24,SO2,ug/m3,30/01/15,3.3,UYMVD_E5,576179378,6138373493,Tres Cruces 2
401,UYMVD_2015_2_5_24,UYMVD_SO2_T,24,SO2,ug/m3,05/02/15,4.1,UYMVD_E5,576179378,6138373493,Tres Cruces 2
402,UYMVD_2015_2_11_24,UYMVD_SO2_T,24,SO2,ug/m3,11/02/15,9.2,UYMVD_E5,576179378,6138373493,Tres Cruces 2
403,UYMVD_2015_2_17_24,UYMVD_SO2_T,24,SO2,ug/m3,17/02/15,3.2,UYMVD_E5,576179378,6138373493,Tres Cruces 2
404,UYMVD_2015_2_23_24,UYMVD_SO2_T,24,SO2,ug/m3,23/02/15,3,UYMVD_E5,576179378,6138373493,Tres Cruces 2
405,UYMVD_2015_3_1_24,UYMVD_SO2_T,24,SO2,ug/m3,01/03/15,7.1,UYMVD_E5,576179378,6138373493,Tres Cruces 2
406,UYMVD_2015_3_7_24,UYMVD_SO2_T,24,SO2,ug/m3,07/03/15,6,UYMVD_E5,576179378,6138373493,Tres Cruces 2
407,UYMVD_2015_3_13_24,UYMVD_SO2_T,24,SO2,ug/m3,13/03/15,11.1,UYMVD_E5,576179378,6138373493,Tres Cruces 2
408,UYMVD_2015_3_19_24,UYMVD_SO2_T,24,SO2,ug/m3,19/03/15,4.8,UYMVD_E5,576179378,6138373493,Tres Cruces 2
409,UYMVD_2015_3_25_24,UYMVD_SO2_T,24,SO2,ug/m3,25/03/15,5.5,UYMVD_E5,576179378,6138373493,Tres Cruces 2
410,UYMVD_2015_3_31_24,UYMVD_SO2_T,24,SO2,ug/m3,31/03/15,11.7,UYMVD_E5,576179378,6138373493,Tres Cruces 2
411,UYMVD_2015_4_12_24,UYMVD_SO2_T,24,SO2,ug/m3,12/04/15,6.4,UYMVD_E5,576179378,6138373493,Tres Cruces 2
412,UYMVD_2015_4_18_24,UYMVD_SO2_T,24,SO2,ug/m3,18/04/15,5.4,UYMVD_E5,576179378,6138373493,Tres Cruces 2
413,UYMVD_2015_4_24_24,UYMVD_SO2_T,24,SO2,ug/m3,24/04/15,9.4,UYMVD_E5,576179378,6138373493,Tres Cruces 2
414,UYMVD_2015_4_30_24,UYMVD_SO2_T,24,SO2,ug/m3,30/04/15,11.1,UYMVD_E5,576179378,6138373493,Tres Cruces 2
415,UYMVD_2015_5_6_24,UYMVD_SO2_T,24,SO2,ug/m3,06/05/15,5.9,UYMVD_E5,576179378,6138373493,Tres Cruces 2
416,UYMVD_2015_5_12_24,UYMVD_SO2_T,24,SO2,ug/m3,12/05/15,4.2,UYMVD_E5,576179378,6138373493,Tres Cruces 2
417,UYMVD_2015_5_18_24,UYMVD_SO2_T,24,SO2,ug/m3,18/05/15,3.3,UYMVD_E5,576179378,6138373493,Tres Cruces 2
418,UYMVD_2015_5_24_24,UYMVD_SO2_T,24,SO2,ug/m3,24/05/15,3.7,UYMVD_E5,576179378,6138373493,Tres Cruces 2
419,UYMVD_2015_5_30_24,UYMVD_SO2_T,24,SO2,ug/m3,30/05/15,7.7,UYMVD_E5,576179378,6138373493,Tres Cruces 2
420,UYMVD_2015_6_5_24,UYMVD_SO2_T,24,SO2,ug/m3,05/06/15,4.6,UYMVD_E5,576179378,6138373493,Tres Cruces 2
421,UYMVD_2015_6_11_24,UYMVD_SO2_T,24,SO2,ug/m3,11/06/15,11.2,UYMVD_E5,576179378,6138373493,Tres Cruces 2
422,UYMVD_2015_6_17_24,UYMVD_SO2_T,24,SO2,ug/m3,17/06/15,15.9,UYMVD_E5,576179378,6138373493,Tres Cruces 2
423,UYMVD_2015_6_23_24,UYMVD_SO2_T,24,SO2,ug/m3,23/06/15,7.5,UYMVD_E5,576179378,6138373493,Tres Cruces 2
424,UYMVD_2015_6_29_24,UYMVD_SO2_T,24,SO2,ug/m3,29/06/15,6.2,UYMVD_E5,576179378,6138373493,Tres Cruces 2
425,UYMVD_2015_7_5_24,UYMVD_SO2_T,24,SO2,ug/m3,05/07/15,3.9,UYMVD_E5,576179378,6138373493,Tres Cruces 2
426,UYMVD_2015_7_11_24,UYMVD_SO2_T,24,SO2,ug/m3,11/07/15,6.1,UYMVD_E5,576179378,6138373493,Tres Cruces 2
427,UYMVD_2015_7_17_24,UYMVD_SO2_T,24,SO2,ug/m3,17/07/15,1.8,UYMVD_E5,576179378,6138373493,Tres Cruces 2
428,UYMVD_2015_7_23_24,UYMVD_SO2_T,24,SO2,ug/m3,23/07/15,5.4,UYMVD_E5,576179378,6138373493,Tres Cruces 2
429,UYMVD_2015_7_29_24,UYMVD_SO2_T,24,SO2,ug/m3,29/07/15,1.9,UYMVD_E5,576179378,6138373493,Tres Cruces 2
430,UYMVD_2015_8_4_24,UYMVD_SO2_T,24,SO2,ug/m3,04/08/15,1.8,UYMVD_E5,576179378,6138373493,Tres Cruces 2
431,UYMVD_2015_8_10_24,UYMVD_SO2_T,24,SO2,ug/m3,10/08/15,19.6,UYMVD_E5,576179378,6138373493,Tres Cruces 2
432,UYMVD_2015_8_22_24,UYMVD_SO2_T,24,SO2,ug/m3,22/08/15,1.7,UYMVD_E5,576179378,6138373493,Tres Cruces 2
433,UYMVD_2015_8_28_24,UYMVD_SO2_T,24,SO2,ug/m3,28/08/15,3,UYMVD_E5,576179378,6138373493,Tres Cruces 2
434,UYMVD_2015_9_3_24,UYMVD_SO2_T,24,SO2,ug/m3,03/09/15,2.2,UYMVD_E5,576179378,6138373493,Tres Cruces 2
435,UYMVD_2015_9_9_24,UYMVD_SO2_T,24,SO2,ug/m3,09/09/15,2.1,UYMVD_E5,576179378,6138373493,Tres Cruces 2
436,UYMVD_2015_9_15_24,UYMVD_SO2_T,24,SO2,ug/m3,15/09/15,1.2,UYMVD_E5,576179378,6138373493,Tres Cruces 2
437,UYMVD_2015_9_21_24,UYMVD_SO2_T,24,SO2,ug/m3,21/09/15,1,UYMVD_E5,576179378,6138373493,Tres Cruces 2
438,UYMVD_2015_9_27_24,UYMVD_SO2_T,24,SO2,ug/m3,27/09/15,4.5,UYMVD_E5,576179378,6138373493,Tres Cruces 2
439,UYMVD_2015_10_3_24,UYMVD_SO2_T,24,SO2,ug/m3,03/10/15,0.9,UYMVD_E5,576179378,6138373493,Tres Cruces 2
440,UYMVD_2015_10_9_24,UYMVD_SO2_T,24,SO2,ug/m3,09/10/15,1,UYMVD_E5,576179378,6138373493,Tres Cruces 2
441,UYMVD_2015_10_15_24,UYMVD_SO2_T,24,SO2,ug/m3,15/10/15,1.2,UYMVD_E5,576179378,6138373493,Tres Cruces 2
442,UYMVD_2015_10_21_24,UYMVD_SO2_T,24,SO2,ug/m3,21/10/15,3.2,UYMVD_E5,576179378,6138373493,Tres Cruces 2
443,UYMVD_2015_10_27_24,UYMVD_SO2_T,24,SO2,ug/m3,27/10/15,1,UYMVD_E5,576179378,6138373493,Tres Cruces 2
444,UYMVD_2015_11_2_24,UYMVD_SO2_T,24,SO2,ug/m3,02/11/15,0.8,UYMVD_E5,576179378,6138373493,Tres Cruces 2
445,UYMVD_2015_11_8_24,UYMVD_SO2_T,24,SO2,ug/m3,08/11/15,0.7,UYMVD_E5,576179378,6138373493,Tres Cruces 2
446,UYMVD_2015_11_14_24,UYMVD_SO2_T,24,SO2,ug/m3,14/11/15,0.7,UYMVD_E5,576179378,6138373493,Tres Cruces 2
447,UYMVD_2015_11_20_24,UYMVD_SO2_T,24,SO2,ug/m3,20/11/15,0.8,UYMVD_E5,576179378,6138373493,Tres Cruces 2
448,UYMVD_2015_11_26_24,UYMVD_SO2_T,24,SO2,ug/m3,26/11/15,0.8,UYMVD_E5,576179378,6138373493,Tres Cruces 2
449,UYMVD_2015_12_2_24,UYMVD_SO2_T,24,SO2,ug/m3,02/12/15,0.7,UYMVD_E5,576179378,6138373493,Tres Cruces 2
450,UYMVD_2015_12_8_24,UYMVD_SO2_T,24,SO2,ug/m3,08/12/15,0.6,UYMVD_E5,576179378,6138373493,Tres Cruces 2
451,UYMVD_2015_12_14_24,UYMVD_SO2_T,24,SO2,ug/m3,14/12/15,0.8,UYMVD_E5,576179378,6138373493,Tres Cruces 2
452,UYMVD_2015_12_20_24,UYMVD_SO2_T,24,SO2,ug/m3,20/12/15,0.7,UYMVD_E5,576179378,6138373493,Tres Cruces 2
453,UYMVD_2015_12_26_24,UYMVD_SO2_T,24,SO2,ug/m3,26/12/15,0.6,UYMVD_E5,576179378,6138373493,Tres Cruces 2
454,UYMVD_2012_8_19_24,UYMVD_SO2_T,24,SO2,ug/m3,19/08/12,27.5,UYMVD_E6,579230326,6142255.29,Curva de Maronas
455,UYMVD_2012_8_25_24,UYMVD_SO2_T,24,SO2,ug/m3,25/08/12,5.29,UYMVD_E6,579230326,6142255.29,Curva de Maronas
456,UYMVD_2012_8_31_24,UYMVD_SO2_T,24,SO2,ug/m3,31/08/12,28.43,UYMVD_E6,579230326,6142255.29,Curva de Maronas
457,UYMVD_2012_9_6_24,UYMVD_SO2_T,24,SO2,ug/m3,06/09/12,6,UYMVD_E6,579230326,6142255.29,Curva de Maronas
458,UYMVD_2012_9_12_24,UYMVD_SO2_T,24,SO2,ug/m3,12/09/12,25.38,UYMVD_E6,579230326,6142255.29,Curva de Maronas
459,UYMVD_2012_9_18_24,UYMVD_SO2_T,24,SO2,ug/m3,18/09/12,3.93,UYMVD_E6,579230326,6142255.29,Curva de Maronas
460,UYMVD_2012_9_24_24,UYMVD_SO2_T,24,SO2,ug/m3,24/09/12,11.84,UYMVD_E6,579230326,6142255.29,Curva de Maronas
461,UYMVD_2012_10_6_24,UYMVD_SO2_T,24,SO2,ug/m3,06/10/12,7.98,UYMVD_E6,579230326,6142255.29,Curva de Maronas
462,UYMVD_2012_10_12_24,UYMVD_SO2_T,24,SO2,ug/m3,12/10/12,21.97,UYMVD_E6,579230326,6142255.29,Curva de Maronas
463,UYMVD_2012_10_18_24,UYMVD_SO2_T,24,SO2,ug/m3,18/10/12,18.74,UYMVD_E6,579230326,6142255.29,Curva de Maronas
464,UYMVD_2012_10_24_24,UYMVD_SO2_T,24,SO2,ug/m3,24/10/12,12.29,UYMVD_E6,579230326,6142255.29,Curva de Maronas
465,UYMVD_2012_11_11_24,UYMVD_SO2_T,24,SO2,ug/m3,11/11/12,20.98,UYMVD_E6,579230326,6142255.29,Curva de Maronas
466,UYMVD_2012_11_17_24,UYMVD_SO2_T,24,SO2,ug/m3,17/11/12,5.09,UYMVD_E6,579230326,6142255.29,Curva de Maronas
467,UYMVD_2012_11_23_24,UYMVD_SO2_T,24,SO2,ug/m3,23/11/12,12.58,UYMVD_E6,579230326,6142255.29,Curva de Maronas
468,UYMVD_2012_12_5_24,UYMVD_SO2_T,24,SO2,ug/m3,05/12/12,16.22,UYMVD_E6,579230326,6142255.29,Curva de Maronas
469,UYMVD_2012_12_29_24,UYMVD_SO2_T,24,SO2,ug/m3,29/12/12,16.94,UYMVD_E6,579230326,6142255.29,Curva de Maronas
470,UYMVD_2013_1_4_24,UYMVD_SO2_T,24,SO2,ug/m3,04/01/13,19.4,UYMVD_E6,579230326,6142255.29,Curva de Maronas
471,UYMVD_2013_1_10_24,UYMVD_SO2_T,24,SO2,ug/m3,10/01/13,19.3,UYMVD_E6,579230326,6142255.29,Curva de Maronas
472,UYMVD_2013_1_16_24,UYMVD_SO2_T,24,SO2,ug/m3,16/01/13,7.5,UYMVD_E6,579230326,6142255.29,Curva de Maronas
473,UYMVD_2013_1_22_24,UYMVD_SO2_T,24,SO2,ug/m3,22/01/13,24.3,UYMVD_E6,579230326,6142255.29,Curva de Maronas
474,UYMVD_2013_1_28_24,UYMVD_SO2_T,24,SO2,ug/m3,28/01/13,19.1,UYMVD_E6,579230326,6142255.29,Curva de Maronas
475,UYMVD_2013_2_3_24,UYMVD_SO2_T,24,SO2,ug/m3,03/02/13,14.1,UYMVD_E6,579230326,6142255.29,Curva de Maronas
476,UYMVD_2013_2_9_24,UYMVD_SO2_T,24,SO2,ug/m3,09/02/13,16.1,UYMVD_E6,579230326,6142255.29,Curva de Maronas
477,UYMVD_2013_2_15_24,UYMVD_SO2_T,24,SO2,ug/m3,15/02/13,13.8,UYMVD_E6,579230326,6142255.29,Curva de Maronas
478,UYMVD_2013_2_21_24,UYMVD_SO2_T,24,SO2,ug/m3,21/02/13,15.5,UYMVD_E6,579230326,6142255.29,Curva de Maronas
479,UYMVD_2013_2_27_24,UYMVD_SO2_T,24,SO2,ug/m3,27/02/13,8.1,UYMVD_E6,579230326,6142255.29,Curva de Maronas
480,UYMVD_2013_3_5_24,UYMVD_SO2_T,24,SO2,ug/m3,05/03/13,18.4,UYMVD_E6,579230326,6142255.29,Curva de Maronas
481,UYMVD_2013_3_11_24,UYMVD_SO2_T,24,SO2,ug/m3,11/03/13,10.7,UYMVD_E6,579230326,6142255.29,Curva de Maronas
482,UYMVD_2013_3_17_24,UYMVD_SO2_T,24,SO2,ug/m3,17/03/13,6.8,UYMVD_E6,579230326,6142255.29,Curva de Maronas
483,UYMVD_2013_3_29_24,UYMVD_SO2_T,24,SO2,ug/m3,29/03/13,10,UYMVD_E6,579230326,6142255.29,Curva de Maronas
484,UYMVD_2013_4_10_24,UYMVD_SO2_T,24,SO2,ug/m3,10/04/13,11.1,UYMVD_E6,579230326,6142255.29,Curva de Maronas
485,UYMVD_2013_4_16_24,UYMVD_SO2_T,24,SO2,ug/m3,16/04/13,10.7,UYMVD_E6,579230326,6142255.29,Curva de Maronas
486,UYMVD_2013_4_22_24,UYMVD_SO2_T,24,SO2,ug/m3,22/04/13,6.2,UYMVD_E6,579230326,6142255.29,Curva de Maronas
487,UYMVD_2013_5_4_24,UYMVD_SO2_T,24,SO2,ug/m3,04/05/13,26.8,UYMVD_E6,579230326,6142255.29,Curva de Maronas
488,UYMVD_2013_5_10_24,UYMVD_SO2_T,24,SO2,ug/m3,10/05/13,10.9,UYMVD_E6,579230326,6142255.29,Curva de Maronas
489,UYMVD_2013_5_16_24,UYMVD_SO2_T,24,SO2,ug/m3,16/05/13,11.8,UYMVD_E6,579230326,6142255.29,Curva de Maronas
490,UYMVD_2013_5_28_24,UYMVD_SO2_T,24,SO2,ug/m3,28/05/13,0.4,UYMVD_E6,579230326,6142255.29,Curva de Maronas
491,UYMVD_2013_6_3_24,UYMVD_SO2_T,24,SO2,ug/m3,03/06/13,3.6,UYMVD_E6,579230326,6142255.29,Curva de Maronas
492,UYMVD_2013_6_9_24,UYMVD_SO2_T,24,SO2,ug/m3,09/06/13,10.5,UYMVD_E6,579230326,6142255.29,Curva de Maronas
493,UYMVD_2013_6_15_24,UYMVD_SO2_T,24,SO2,ug/m3,15/06/13,20.8,UYMVD_E6,579230326,6142255.29,Curva de Maronas
494,UYMVD_2013_6_21_24,UYMVD_SO2_T,24,SO2,ug/m3,21/06/13,35.1,UYMVD_E6,579230326,6142255.29,Curva de Maronas
495,UYMVD_2013_6_27_24,UYMVD_SO2_T,24,SO2,ug/m3,27/06/13,12,UYMVD_E6,579230326,6142255.29,Curva de Maronas
496,UYMVD_2013_7_3_24,UYMVD_SO2_T,24,SO2,ug/m3,03/07/13,7.4,UYMVD_E6,579230326,6142255.29,Curva de Maronas
497,UYMVD_2013_7_15_24,UYMVD_SO2_T,24,SO2,ug/m3,15/07/13,21.6,UYMVD_E6,579230326,6142255.29,Curva de Maronas
498,UYMVD_2013_7_21_24,UYMVD_SO2_T,24,SO2,ug/m3,21/07/13,17.4,UYMVD_E6,579230326,6142255.29,Curva de Maronas
499,UYMVD_2013_7_27_24,UYMVD_SO2_T,24,SO2,ug/m3,27/07/13,20.3,UYMVD_E6,579230326,6142255.29,Curva de Maronas
500,UYMVD_2013_9_1_24,UYMVD_SO2_T,24,SO2,ug/m3,01/09/13,10.2,UYMVD_E6,579230326,6142255.29,Curva de Maronas
501,UYMVD_2013_9_7_24,UYMVD_SO2_T,24,SO2,ug/m3,07/09/13,2,UYMVD_E6,579230326,6142255.29,Curva de Maronas
502,UYMVD_2013_9_13_24,UYMVD_SO2_T,24,SO2,ug/m3,13/09/13,4,UYMVD_E6,579230326,6142255.29,Curva de Maronas
503,UYMVD_2013_9_19_24,UYMVD_SO2_T,24,SO2,ug/m3,19/09/13,6.2,UYMVD_E6,579230326,6142255.29,Curva de Maronas
504,UYMVD_2013_9_25_24,UYMVD_SO2_T,24,SO2,ug/m3,25/09/13,4.5,UYMVD_E6,579230326,6142255.29,Curva de Maronas
505,UYMVD_2013_10_1_24,UYMVD_SO2_T,24,SO2,ug/m3,01/10/13,8.1,UYMVD_E6,579230326,6142255.29,Curva de Maronas
506,UYMVD_2013_10_7_24,UYMVD_SO2_T,24,SO2,ug/m3,07/10/13,7.9,UYMVD_E6,579230326,6142255.29,Curva de Maronas
507,UYMVD_2013_10_13_24,UYMVD_SO2_T,24,SO2,ug/m3,13/10/13,2,UYMVD_E6,579230326,6142255.29,Curva de Maronas
508,UYMVD_2013_10_19_24,UYMVD_SO2_T,24,SO2,ug/m3,19/10/13,4.3,UYMVD_E6,579230326,6142255.29,Curva de Maronas
509,UYMVD_2013_10_25_24,UYMVD_SO2_T,24,SO2,ug/m3,25/10/13,5.1,UYMVD_E6,579230326,6142255.29,Curva de Maronas
510,UYMVD_2013_10_31_24,UYMVD_SO2_T,24,SO2,ug/m3,31/10/13,8.4,UYMVD_E6,579230326,6142255.29,Curva de Maronas
511,UYMVD_2013_11_6_24,UYMVD_SO2_T,24,SO2,ug/m3,06/11/13,4.3,UYMVD_E6,579230326,6142255.29,Curva de Maronas
512,UYMVD_2013_11_18_24,UYMVD_SO2_T,24,SO2,ug/m3,18/11/13,7.4,UYMVD_E6,579230326,6142255.29,Curva de Maronas
513,UYMVD_2013_11_24_24,UYMVD_SO2_T,24,SO2,ug/m3,24/11/13,2.6,UYMVD_E6,579230326,6142255.29,Curva de Maronas
514,UYMVD_2013_11_30_24,UYMVD_SO2_T,24,SO2,ug/m3,30/11/13,7.5,UYMVD_E6,579230326,6142255.29,Curva de Maronas
515,UYMVD_2013_12_6_24,UYMVD_SO2_T,24,SO2,ug/m3,06/12/13,3.2,UYMVD_E6,579230326,6142255.29,Curva de Maronas
516,UYMVD_2013_12_12_24,UYMVD_SO2_T,24,SO2,ug/m3,12/12/13,6.3,UYMVD_E6,579230326,6142255.29,Curva de Maronas
517,UYMVD_2013_12_18_24,UYMVD_SO2_T,24,SO2,ug/m3,18/12/13,5.2,UYMVD_E6,579230326,6142255.29,Curva de Maronas
518,UYMVD_2013_12_24_24,UYMVD_SO2_T,24,SO2,ug/m3,24/12/13,7.7,UYMVD_E6,579230326,6142255.29,Curva de Maronas
519,UYMVD_2013_12_30_24,UYMVD_SO2_T,24,SO2,ug/m3,30/12/13,11.3,UYMVD_E6,579230326,6142255.29,Curva de Maronas
520,UYMVD_2014_1_5_24,UYMVD_SO2_T,24,SO2,ug/m3,05/01/14,9.1,UYMVD_E6,579230326,6142255.29,Curva de Maronas
521,UYMVD_2014_1_11_24,UYMVD_SO2_T,24,SO2,ug/m3,11/01/14,7.3,UYMVD_E6,579230326,6142255.29,Curva de Maronas
522,UYMVD_2014_1_17_24,UYMVD_SO2_T,24,SO2,ug/m3,17/01/14,5.1,UYMVD_E6,579230326,6142255.29,Curva de Maronas
523,UYMVD_2014_1_23_24,UYMVD_SO2_T,24,SO2,ug/m3,23/01/14,3.1,UYMVD_E6,579230326,6142255.29,Curva de Maronas
524,UYMVD_2014_1_29_24,UYMVD_SO2_T,24,SO2,ug/m3,29/01/14,7.3,UYMVD_E6,579230326,6142255.29,Curva de Maronas
525,UYMVD_2014_2_4_24,UYMVD_SO2_T,24,SO2,ug/m3,04/02/14,10.2,UYMVD_E6,579230326,6142255.29,Curva de Maronas
526,UYMVD_2014_2_10_24,UYMVD_SO2_T,24,SO2,ug/m3,10/02/14,4.2,UYMVD_E6,579230326,6142255.29,Curva de Maronas
527,UYMVD_2014_2_16_24,UYMVD_SO2_T,24,SO2,ug/m3,16/02/14,2.5,UYMVD_E6,579230326,6142255.29,Curva de Maronas
528,UYMVD_2014_2_22_24,UYMVD_SO2_T,24,SO2,ug/m3,22/02/14,9.4,UYMVD_E6,579230326,6142255.29,Curva de Maronas
529,UYMVD_2014_2_28_24,UYMVD_SO2_T,24,SO2,ug/m3,28/02/14,6.5,UYMVD_E6,579230326,6142255.29,Curva de Maronas
530,UYMVD_2014_3_6_24,UYMVD_SO2_T,24,SO2,ug/m3,06/03/14,5.8,UYMVD_E6,579230326,6142255.29,Curva de Maronas
531,UYMVD_2014_3_12_24,UYMVD_SO2_T,24,SO2,ug/m3,12/03/14,4.2,UYMVD_E6,579230326,6142255.29,Curva de Maronas
532,UYMVD_2014_3_18_24,UYMVD_SO2_T,24,SO2,ug/m3,18/03/14,8.5,UYMVD_E6,579230326,6142255.29,Curva de Maronas
533,UYMVD_2014_3_24_24,UYMVD_SO2_T,24,SO2,ug/m3,24/03/14,7.1,UYMVD_E6,579230326,6142255.29,Curva de Maronas
534,UYMVD_2014_3_30_24,UYMVD_SO2_T,24,SO2,ug/m3,30/03/14,0.2,UYMVD_E6,579230326,6142255.29,Curva de Maronas
535,UYMVD_2014_4_5_24,UYMVD_SO2_T,24,SO2,ug/m3,05/04/14,25.5,UYMVD_E6,579230326,6142255.29,Curva de Maronas
536,UYMVD_2014_4_17_24,UYMVD_SO2_T,24,SO2,ug/m3,17/04/14,11.7,UYMVD_E6,579230326,6142255.29,Curva de Maronas
537,UYMVD_2014_4_23_24,UYMVD_SO2_T,24,SO2,ug/m3,23/04/14,7.4,UYMVD_E6,579230326,6142255.29,Curva de Maronas
538,UYMVD_2014_4_29_24,UYMVD_SO2_T,24,SO2,ug/m3,29/04/14,13.2,UYMVD_E6,579230326,6142255.29,Curva de Maronas
539,UYMVD_2014_5_5_24,UYMVD_SO2_T,24,SO2,ug/m3,05/05/14,8.3,UYMVD_E6,579230326,6142255.29,Curva de Maronas
540,UYMVD_2014_5_11_24,UYMVD_SO2_T,24,SO2,ug/m3,11/05/14,5.2,UYMVD_E6,579230326,6142255.29,Curva de Maronas
541,UYMVD_2014_5_17_24,UYMVD_SO2_T,24,SO2,ug/m3,17/05/14,5.1,UYMVD_E6,579230326,6142255.29,Curva de Maronas
542,UYMVD_2014_5_23_24,UYMVD_SO2_T,24,SO2,ug/m3,23/05/14,6.7,UYMVD_E6,579230326,6142255.29,Curva de Maronas
543,UYMVD_2014_5_29_24,UYMVD_SO2_T,24,SO2,ug/m3,29/05/14,7.8,UYMVD_E6,579230326,6142255.29,Curva de Maronas
544,UYMVD_2014_6_4_24,UYMVD_SO2_T,24,SO2,ug/m3,04/06/14,27.2,UYMVD_E6,579230326,6142255.29,Curva de Maronas
545,UYMVD_2014_6_10_24,UYMVD_SO2_T,24,SO2,ug/m3,10/06/14,14.6,UYMVD_E6,579230326,6142255.29,Curva de Maronas
546,UYMVD_2014_6_16_24,UYMVD_SO2_T,24,SO2,ug/m3,16/06/14,7.1,UYMVD_E6,579230326,6142255.29,Curva de Maronas
547,UYMVD_2014_6_22_24,UYMVD_SO2_T,24,SO2,ug/m3,22/06/14,5.1,UYMVD_E6,579230326,6142255.29,Curva de Maronas
548,UYMVD_2014_6_28_24,UYMVD_SO2_T,24,SO2,ug/m3,28/06/14,6.9,UYMVD_E6,579230326,6142255.29,Curva de Maronas
549,UYMVD_2014_7_4_24,UYMVD_SO2_T,24,SO2,ug/m3,04/07/14,1,UYMVD_E6,579230326,6142255.29,Curva de Maronas
550,UYMVD_2014_7_10_24,UYMVD_SO2_T,24,SO2,ug/m3,10/07/14,4,UYMVD_E6,579230326,6142255.29,Curva de Maronas
551,UYMVD_2014_7_16_24,UYMVD_SO2_T,24,SO2,ug/m3,16/07/14,3.8,UYMVD_E6,579230326,6142255.29,Curva de Maronas
552,UYMVD_2014_7_22_24,UYMVD_SO2_T,24,SO2,ug/m3,22/07/14,5.1,UYMVD_E6,579230326,6142255.29,Curva de Maronas
553,UYMVD_2014_7_28_24,UYMVD_SO2_T,24,SO2,ug/m3,28/07/14,14.2,UYMVD_E6,579230326,6142255.29,Curva de Maronas
554,UYMVD_2014_8_3_24,UYMVD_SO2_T,24,SO2,ug/m3,03/08/14,1.5,UYMVD_E6,579230326,6142255.29,Curva de Maronas
555,UYMVD_2014_8_9_24,UYMVD_SO2_T,24,SO2,ug/m3,09/08/14,1.6,UYMVD_E6,579230326,6142255.29,Curva de Maronas
556,UYMVD_2014_8_15_24,UYMVD_SO2_T,24,SO2,ug/m3,15/08/14,6.7,UYMVD_E6,579230326,6142255.29,Curva de Maronas
557,UYMVD_2014_8_21_24,UYMVD_SO2_T,24,SO2,ug/m3,21/08/14,3.9,UYMVD_E6,579230326,6142255.29,Curva de Maronas
558,UYMVD_2014_8_27_24,UYMVD_SO2_T,24,SO2,ug/m3,27/08/14,11.2,UYMVD_E6,579230326,6142255.29,Curva de Maronas
559,UYMVD_2014_9_2_24,UYMVD_SO2_T,24,SO2,ug/m3,02/09/14,7,UYMVD_E6,579230326,6142255.29,Curva de Maronas
560,UYMVD_2014_9_8_24,UYMVD_SO2_T,24,SO2,ug/m3,08/09/14,5.8,UYMVD_E6,579230326,6142255.29,Curva de Maronas
561,UYMVD_2014_9_14_24,UYMVD_SO2_T,24,SO2,ug/m3,14/09/14,0.2,UYMVD_E6,579230326,6142255.29,Curva de Maronas
562,UYMVD_2014_9_20_24,UYMVD_SO2_T,24,SO2,ug/m3,20/09/14,0.9,UYMVD_E6,579230326,6142255.29,Curva de Maronas
563,UYMVD_2014_9_26_24,UYMVD_SO2_T,24,SO2,ug/m3,26/09/14,17.4,UYMVD_E6,579230326,6142255.29,Curva de Maronas
564,UYMVD_2014_10_2_24,UYMVD_SO2_T,24,SO2,ug/m3,02/10/14,6.4,UYMVD_E6,579230326,6142255.29,Curva de Maronas
565,UYMVD_2014_10_8_24,UYMVD_SO2_T,24,SO2,ug/m3,08/10/14,15.3,UYMVD_E6,579230326,6142255.29,Curva de Maronas
566,UYMVD_2014_10_14_24,UYMVD_SO2_T,24,SO2,ug/m3,14/10/14,7.7,UYMVD_E6,579230326,6142255.29,Curva de Maronas
567,UYMVD_2014_10_20_24,UYMVD_SO2_T,24,SO2,ug/m3,20/10/14,6.6,UYMVD_E6,579230326,6142255.29,Curva de Maronas
568,UYMVD_2014_10_26_24,UYMVD_SO2_T,24,SO2,ug/m3,26/10/14,8.2,UYMVD_E6,579230326,6142255.29,Curva de Maronas
569,UYMVD_2014_11_1_24,UYMVD_SO2_T,24,SO2,ug/m3,01/11/14,6.5,UYMVD_E6,579230326,6142255.29,Curva de Maronas
570,UYMVD_2014_11_7_24,UYMVD_SO2_T,24,SO2,ug/m3,07/11/14,9.2,UYMVD_E6,579230326,6142255.29,Curva de Maronas
571,UYMVD_2014_11_13_24,UYMVD_SO2_T,24,SO2,ug/m3,13/11/14,3.9,UYMVD_E6,579230326,6142255.29,Curva de Maronas
572,UYMVD_2014_11_19_24,UYMVD_SO2_T,24,SO2,ug/m3,19/11/14,10.1,UYMVD_E6,579230326,6142255.29,Curva de Maronas
573,UYMVD_2014_11_25_24,UYMVD_SO2_T,24,SO2,ug/m3,25/11/14,7.6,UYMVD_E6,579230326,6142255.29,Curva de Maronas
574,UYMVD_2014_12_1_24,UYMVD_SO2_T,24,SO2,ug/m3,01/12/14,5.3,UYMVD_E6,579230326,6142255.29,Curva de Maronas
575,UYMVD_2014_12_7_24,UYMVD_SO2_T,24,SO2,ug/m3,07/12/14,6.6,UYMVD_E6,579230326,6142255.29,Curva de Maronas
576,UYMVD_2014_12_13_24,UYMVD_SO2_T,24,SO2,ug/m3,13/12/14,6.6,UYMVD_E6,579230326,6142255.29,Curva de Maronas
577,UYMVD_2014_12_19_24,UYMVD_SO2_T,24,SO2,ug/m3,19/12/14,13.2,UYMVD_E6,579230326,6142255.29,Curva de Maronas
578,UYMVD_2014_12_25_24,UYMVD_SO2_T,24,SO2,ug/m3,25/12/14,8,UYMVD_E6,579230326,6142255.29,Curva de Maronas
579,UYMVD_2014_12_31_24,UYMVD_SO2_T,24,SO2,ug/m3,31/12/14,18.9,UYMVD_E6,579230326,6142255.29,Curva de Maronas
580,UYMVD_2015_1_6_24,UYMVD_SO2_T,24,SO2,ug/m3,06/01/15,4.2,UYMVD_E6,579230326,6142255.29,Curva de Maronas
581,UYMVD_2015_1_12_24,UYMVD_SO2_T,24,SO2,ug/m3,12/01/15,6.5,UYMVD_E6,579230326,6142255.29,Curva de Maronas
582,UYMVD_2015_1_24_24,UYMVD_SO2_T,24,SO2,ug/m3,24/01/15,9.2,UYMVD_E6,579230326,6142255.29,Curva de Maronas
583,UYMVD_2015_1_30_24,UYMVD_SO2_T,24,SO2,ug/m3,30/01/15,2.1,UYMVD_E6,579230326,6142255.29,Curva de Maronas
584,UYMVD_2015_2_5_24,UYMVD_SO2_T,24,SO2,ug/m3,05/02/15,6.6,UYMVD_E6,579230326,6142255.29,Curva de Maronas
585,UYMVD_2015_2_11_24,UYMVD_SO2_T,24,SO2,ug/m3,11/02/15,9.8,UYMVD_E6,579230326,6142255.29,Curva de Maronas
586,UYMVD_2015_2_17_24,UYMVD_SO2_T,24,SO2,ug/m3,17/02/15,6.9,UYMVD_E6,579230326,6142255.29,Curva de Maronas
587,UYMVD_2015_2_23_24,UYMVD_SO2_T,24,SO2,ug/m3,23/02/15,3.2,UYMVD_E6,579230326,6142255.29,Curva de Maronas
588,UYMVD_2015_3_1_24,UYMVD_SO2_T,24,SO2,ug/m3,01/03/15,7.3,UYMVD_E6,579230326,6142255.29,Curva de Maronas
589,UYMVD_2015_3_7_24,UYMVD_SO2_T,24,SO2,ug/m3,07/03/15,7,UYMVD_E6,579230326,6142255.29,Curva de Maronas
590,UYMVD_2015_3_13_24,UYMVD_SO2_T,24,SO2,ug/m3,13/03/15,9.5,UYMVD_E6,579230326,6142255.29,Curva de Maronas
591,UYMVD_2015_3_19_24,UYMVD_SO2_T,24,SO2,ug/m3,19/03/15,16,UYMVD_E6,579230326,6142255.29,Curva de Maronas
592,UYMVD_2015_3_25_24,UYMVD_SO2_T,24,SO2,ug/m3,25/03/15,7.2,UYMVD_E6,579230326,6142255.29,Curva de Maronas
593,UYMVD_2015_3_31_24,UYMVD_SO2_T,24,SO2,ug/m3,31/03/15,8.8,UYMVD_E6,579230326,6142255.29,Curva de Maronas
594,UYMVD_2015_4_12_24,UYMVD_SO2_T,24,SO2,ug/m3,12/04/15,6.1,UYMVD_E6,579230326,6142255.29,Curva de Maronas
595,UYMVD_2015_4_18_24,UYMVD_SO2_T,24,SO2,ug/m3,18/04/15,11.6,UYMVD_E6,579230326,6142255.29,Curva de Maronas
596,UYMVD_2015_4_24_24,UYMVD_SO2_T,24,SO2,ug/m3,24/04/15,5.3,UYMVD_E6,579230326,6142255.29,Curva de Maronas
597,UYMVD_2015_4_30_24,UYMVD_SO2_T,24,SO2,ug/m3,30/04/15,10.4,UYMVD_E6,579230326,6142255.29,Curva de Maronas
598,UYMVD_2015_5_6_24,UYMVD_SO2_T,24,SO2,ug/m3,06/05/15,4.9,UYMVD_E6,579230326,6142255.29,Curva de Maronas
599,UYMVD_2015_5_12_24,UYMVD_SO2_T,24,SO2,ug/m3,12/05/15,8.8,UYMVD_E6,579230326,6142255.29,Curva de Maronas
600,UYMVD_2015_5_18_24,UYMVD_SO2_T,24,SO2,ug/m3,18/05/15,4.3,UYMVD_E6,579230326,6142255.29,Curva de Maronas
601,UYMVD_2015_5_24_24,UYMVD_SO2_T,24,SO2,ug/m3,24/05/15,5.1,UYMVD_E6,579230326,6142255.29,Curva de Maronas
602,UYMVD_2015_5_30_24,UYMVD_SO2_T,24,SO2,ug/m3,30/05/15,6.1,UYMVD_E6,579230326,6142255.29,Curva de Maronas
603,UYMVD_2015_6_5_24,UYMVD_SO2_T,24,SO2,ug/m3,05/06/15,5.6,UYMVD_E6,579230326,6142255.29,Curva de Maronas
604,UYMVD_2015_6_11_24,UYMVD_SO2_T,24,SO2,ug/m3,11/06/15,8.7,UYMVD_E6,579230326,6142255.29,Curva de Maronas
605,UYMVD_2015_6_17_24,UYMVD_SO2_T,24,SO2,ug/m3,17/06/15,7.2,UYMVD_E6,579230326,6142255.29,Curva de Maronas
606,UYMVD_2015_6_23_24,UYMVD_SO2_T,24,SO2,ug/m3,23/06/15,8.1,UYMVD_E6,579230326,6142255.29,Curva de Maronas
607,UYMVD_2015_6_29_24,UYMVD_SO2_T,24,SO2,ug/m3,29/06/15,3.1,UYMVD_E6,579230326,6142255.29,Curva de Maronas
608,UYMVD_2015_7_5_24,UYMVD_SO2_T,24,SO2,ug/m3,05/07/15,5.1,UYMVD_E6,579230326,6142255.29,Curva de Maronas
609,UYMVD_2015_7_11_24,UYMVD_SO2_T,24,SO2,ug/m3,11/07/15,5.2,UYMVD_E6,579230326,6142255.29,Curva de Maronas
610,UYMVD_2015_7_17_24,UYMVD_SO2_T,24,SO2,ug/m3,17/07/15,2.1,UYMVD_E6,579230326,6142255.29,Curva de Maronas
611,UYMVD_2015_7_23_24,UYMVD_SO2_T,24,SO2,ug/m3,23/07/15,2.2,UYMVD_E6,579230326,6142255.29,Curva de Maronas
612,UYMVD_2015_7_29_24,UYMVD_SO2_T,24,SO2,ug/m3,29/07/15,2.2,UYMVD_E6,579230326,6142255.29,Curva de Maronas
613,UYMVD_2015_8_4_24,UYMVD_SO2_T,24,SO2,ug/m3,04/08/15,16.7,UYMVD_E6,579230326,6142255.29,Curva de Maronas
614,UYMVD_2015_8_10_24,UYMVD_SO2_T,24,SO2,ug/m3,10/08/15,14.5,UYMVD_E6,579230326,6142255.29,Curva de Maronas
615,UYMVD_2015_8_16_24,UYMVD_SO2_T,24,SO2,ug/m3,16/08/15,2.5,UYMVD_E6,579230326,6142255.29,Curva de Maronas
616,UYMVD_2015_8_22_24,UYMVD_SO2_T,24,SO2,ug/m3,22/08/15,1.7,UYMVD_E6,579230326,6142255.29,Curva de Maronas
617,UYMVD_2015_8_28_24,UYMVD_SO2_T,24,SO2,ug/m3,28/08/15,1.8,UYMVD_E6,579230326,6142255.29,Curva de Maronas
618,UYMVD_2015_9_3_24,UYMVD_SO2_T,24,SO2,ug/m3,03/09/15,1.8,UYMVD_E6,579230326,6142255.29,Curva de Maronas
619,UYMVD_2015_9_9_24,UYMVD_SO2_T,24,SO2,ug/m3,09/09/15,2,UYMVD_E6,579230326,6142255.29,Curva de Maronas
620,UYMVD_2015_9_15_24,UYMVD_SO2_T,24,SO2,ug/m3,15/09/15,1.4,UYMVD_E6,579230326,6142255.29,Curva de Maronas
621,UYMVD_2015_9_21_24,UYMVD_SO2_T,24,SO2,ug/m3,21/09/15,0.8,UYMVD_E6,579230326,6142255.29,Curva de Maronas
622,UYMVD_2015_9_27_24,UYMVD_SO2_T,24,SO2,ug/m3,27/09/15,0.9,UYMVD_E6,579230326,6142255.29,Curva de Maronas
623,UYMVD_2015_10_3_24,UYMVD_SO2_T,24,SO2,ug/m3,03/10/15,0.8,UYMVD_E6,579230326,6142255.29,Curva de Maronas
624,UYMVD_2015_10_9_24,UYMVD_SO2_T,24,SO2,ug/m3,09/10/15,0.8,UYMVD_E6,579230326,6142255.29,Curva de Maronas
625,UYMVD_2015_10_15_24,UYMVD_SO2_T,24,SO2,ug/m3,15/10/15,0.8,UYMVD_E6,579230326,6142255.29,Curva de Maronas
626,UYMVD_2015_10_21_24,UYMVD_SO2_T,24,SO2,ug/m3,21/10/15,0.8,UYMVD_E6,579230326,6142255.29,Curva de Maronas
627,UYMVD_2015_10_27_24,UYMVD_SO2_T,24,SO2,ug/m3,27/10/15,0.8,UYMVD_E6,579230326,6142255.29,Curva de Maronas
628,UYMVD_2015_11_2_24,UYMVD_SO2_T,24,SO2,ug/m3,02/11/15,0.7,UYMVD_E6,579230326,6142255.29,Curva de Maronas
629,UYMVD_2015_11_8_24,UYMVD_SO2_T,24,SO2,ug/m3,08/11/15,0.7,UYMVD_E6,579230326,6142255.29,Curva de Maronas
630,UYMVD_2015_11_14_24,UYMVD_SO2_T,24,SO2,ug/m3,14/11/15,0.4,UYMVD_E6,579230326,6142255.29,Curva de Maronas
631,UYMVD_2015_11_20_24,UYMVD_SO2_T,24,SO2,ug/m3,20/11/15,1,UYMVD_E6,579230326,6142255.29,Curva de Maronas
632,UYMVD_2015_11_26_24,UYMVD_SO2_T,24,SO2,ug/m3,26/11/15,0.5,UYMVD_E6,579230326,6142255.29,Curva de Maronas
633,UYMVD_2015_12_2_24,UYMVD_SO2_T,24,SO2,ug/m3,02/12/15,3.7,UYMVD_E6,579230326,6142255.29,Curva de Maronas
634,UYMVD_2015_12_8_24,UYMVD_SO2_T,24,SO2,ug/m3,08/12/15,0.9,UYMVD_E6,579230326,6142255.29,Curva de Maronas
635,UYMVD_2015_12_14_24,UYMVD_SO2_T,24,SO2,ug/m3,14/12/15,3.5,UYMVD_E6,579230326,6142255.29,Curva de Maronas
636,UYMVD_2015_12_20_24,UYMVD_SO2_T,24,SO2,ug/m3,20/12/15,0.8,UYMVD_E6,579230326,6142255.29,Curva de Maronas
637,UYMVD_2015_12_26_24,UYMVD_SO2_T,24,SO2,ug/m3,26/12/15,0.7,UYMVD_E6,579230326,6142255.29,Curva de Maronas
638,UYMVD_2012_1_4_24,UYMVD_SO2_T,24,SO2,ug/m3,04/01/12,8.89,UYMVD_E7,583737323,6139486545,Portones de Carrasco 2
639,UYMVD_2012_1_10_24,UYMVD_SO2_T,24,SO2,ug/m3,10/01/12,6.31,UYMVD_E7,583737323,6139486545,Portones de Carrasco 2
640,UYMVD_2012_1_16_24,UYMVD_SO2_T,24,SO2,ug/m3,16/01/12,7.63,UYMVD_E7,583737323,6139486545,Portones de Carrasco 2
641,UYMVD_2012_1_22_24,UYMVD_SO2_T,24,SO2,ug/m3,22/01/12,7.92,UYMVD_E7,583737323,6139486545,Portones de Carrasco 2
642,UYMVD_2012_2_3_24,UYMVD_SO2_T,24,SO2,ug/m3,03/02/12,22.88,UYMVD_E7,583737323,6139486545,Portones de Carrasco 2
643,UYMVD_2012_2_9_24,UYMVD_SO2_T,24,SO2,ug/m3,09/02/12,6.44,UYMVD_E7,583737323,6139486545,Portones de Carrasco 2
644,UYMVD_2012_2_15_24,UYMVD_SO2_T,24,SO2,ug/m3,15/02/12,0.45,UYMVD_E7,583737323,6139486545,Portones de Carrasco 2
645,UYMVD_2012_2_21_24,UYMVD_SO2_T,24,SO2,ug/m3,21/02/12,10.33,UYMVD_E7,583737323,6139486545,Portones de Carrasco 2
646,UYMVD_2012_2_27_24,UYMVD_SO2_T,24,SO2,ug/m3,27/02/12,0.12,UYMVD_E7,583737323,6139486545,Portones de Carrasco 2
647,UYMVD_2012_3_4_24,UYMVD_SO2_T,24,SO2,ug/m3,04/03/12,7.95,UYMVD_E7,583737323,6139486545,Portones de Carrasco 2
648,UYMVD_2012_3_10_24,UYMVD_SO2_T,24,SO2,ug/m3,10/03/12,9.58,UYMVD_E7,583737323,6139486545,Portones de Carrasco 2
649,UYMVD_2012_3_16_24,UYMVD_SO2_T,24,SO2,ug/m3,16/03/12,9.67,UYMVD_E7,583737323,6139486545,Portones de Carrasco 2
650,UYMVD_2012_3_22_24,UYMVD_SO2_T,24,SO2,ug/m3,22/03/12,11.43,UYMVD_E7,583737323,6139486545,Portones de Carrasco 2
651,UYMVD_2012_3_28_24,UYMVD_SO2_T,24,SO2,ug/m3,28/03/12,7.17,UYMVD_E7,583737323,6139486545,Portones de Carrasco 2
652,UYMVD_2012_4_15_24,UYMVD_SO2_T,24,SO2,ug/m3,15/04/12,8.95,UYMVD_E7,583737323,6139486545,Portones de Carrasco 2
653,UYMVD_2012_4_21_24,UYMVD_SO2_T,24,SO2,ug/m3,21/04/12,6.56,UYMVD_E7,583737323,6139486545,Portones de Carrasco 2
654,UYMVD_2012_4_27_24,UYMVD_SO2_T,24,SO2,ug/m3,27/04/12,4.72,UYMVD_E7,583737323,6139486545,Portones de Carrasco 2
655,UYMVD_2012_5_9_24,UYMVD_SO2_T,24,SO2,ug/m3,09/05/12,10.17,UYMVD_E7,583737323,6139486545,Portones de Carrasco 2
656,UYMVD_2012_5_15_24,UYMVD_SO2_T,24,SO2,ug/m3,15/05/12,23.26,UYMVD_E7,583737323,6139486545,Portones de Carrasco 2
657,UYMVD_2012_5_21_24,UYMVD_SO2_T,24,SO2,ug/m3,21/05/12,3.43,UYMVD_E7,583737323,6139486545,Portones de Carrasco 2
658,UYMVD_2012_5_27_24,UYMVD_SO2_T,24,SO2,ug/m3,27/05/12,1.83,UYMVD_E7,583737323,6139486545,Portones de Carrasco 2
659,UYMVD_2012_6_2_24,UYMVD_SO2_T,24,SO2,ug/m3,02/06/12,5.29,UYMVD_E7,583737323,6139486545,Portones de Carrasco 2
660,UYMVD_2012_6_8_24,UYMVD_SO2_T,24,SO2,ug/m3,08/06/12,47.6,UYMVD_E7,583737323,6139486545,Portones de Carrasco 2
661,UYMVD_2012_6_14_24,UYMVD_SO2_T,24,SO2,ug/m3,14/06/12,0.19,UYMVD_E7,583737323,6139486545,Portones de Carrasco 2
662,UYMVD_2012_6_20_24,UYMVD_SO2_T,24,SO2,ug/m3,20/06/12,14.16,UYMVD_E7,583737323,6139486545,Portones de Carrasco 2
663,UYMVD_2012_6_26_24,UYMVD_SO2_T,24,SO2,ug/m3,26/06/12,4.93,UYMVD_E7,583737323,6139486545,Portones de Carrasco 2
664,UYMVD_2012_7_2_24,UYMVD_SO2_T,24,SO2,ug/m3,02/07/12,10.8,UYMVD_E7,583737323,6139486545,Portones de Carrasco 2
665,UYMVD_2012_7_8_24,UYMVD_SO2_T,24,SO2,ug/m3,08/07/12,18.16,UYMVD_E7,583737323,6139486545,Portones de Carrasco 2
666,UYMVD_2012_7_14_24,UYMVD_SO2_T,24,SO2,ug/m3,14/07/12,14.18,UYMVD_E7,583737323,6139486545,Portones de Carrasco 2
667,UYMVD_2012_7_20_24,UYMVD_SO2_T,24,SO2,ug/m3,20/07/12,32.9,UYMVD_E7,583737323,6139486545,Portones de Carrasco 2
668,UYMVD_2012_7_26_24,UYMVD_SO2_T,24,SO2,ug/m3,26/07/12,12.51,UYMVD_E7,583737323,6139486545,Portones de Carrasco 2
669,UYMVD_2012_8_31_24,UYMVD_SO2_T,24,SO2,ug/m3,31/08/12,11.68,UYMVD_E7,583737323,6139486545,Portones de Carrasco 2
670,UYMVD_2012_9_6_24,UYMVD_SO2_T,24,SO2,ug/m3,06/09/12,0.26,UYMVD_E7,583737323,6139486545,Portones de Carrasco 2
671,UYMVD_2012_9_12_24,UYMVD_SO2_T,24,SO2,ug/m3,12/09/12,10.2,UYMVD_E7,583737323,6139486545,Portones de Carrasco 2
672,UYMVD_2012_9_18_24,UYMVD_SO2_T,24,SO2,ug/m3,18/09/12,16.45,UYMVD_E7,583737323,6139486545,Portones de Carrasco 2
673,UYMVD_2012_9_30_24,UYMVD_SO2_T,24,SO2,ug/m3,30/09/12,1.41,UYMVD_E7,583737323,6139486545,Portones de Carrasco 2
674,UYMVD_2012_10_6_24,UYMVD_SO2_T,24,SO2,ug/m3,06/10/12,3.63,UYMVD_E7,583737323,6139486545,Portones de Carrasco 2
675,UYMVD_2012_10_12_24,UYMVD_SO2_T,24,SO2,ug/m3,12/10/12,7.64,UYMVD_E7,583737323,6139486545,Portones de Carrasco 2
676,UYMVD_2012_10_18_24,UYMVD_SO2_T,24,SO2,ug/m3,18/10/12,4.01,UYMVD_E7,583737323,6139486545,Portones de Carrasco 2
677,UYMVD_2012_10_24_24,UYMVD_SO2_T,24,SO2,ug/m3,24/10/12,4.55,UYMVD_E7,583737323,6139486545,Portones de Carrasco 2
678,UYMVD_2012_10_30_24,UYMVD_SO2_T,24,SO2,ug/m3,30/10/12,2.96,UYMVD_E7,583737323,6139486545,Portones de Carrasco 2
679,UYMVD_2012_11_5_24,UYMVD_SO2_T,24,SO2,ug/m3,05/11/12,4.17,UYMVD_E7,583737323,6139486545,Portones de Carrasco 2
680,UYMVD_2012_11_11_24,UYMVD_SO2_T,24,SO2,ug/m3,11/11/12,17.3,UYMVD_E7,583737323,6139486545,Portones de Carrasco 2
681,UYMVD_2012_11_17_24,UYMVD_SO2_T,24,SO2,ug/m3,17/11/12,3.56,UYMVD_E7,583737323,6139486545,Portones de Carrasco 2
682,UYMVD_2012_11_23_24,UYMVD_SO2_T,24,SO2,ug/m3,23/11/12,1.9,UYMVD_E7,583737323,6139486545,Portones de Carrasco 2
683,UYMVD_2012_12_11_24,UYMVD_SO2_T,24,SO2,ug/m3,11/12/12,2.32,UYMVD_E7,583737323,6139486545,Portones de Carrasco 2
684,UYMVD_2012_12_17_24,UYMVD_SO2_T,24,SO2,ug/m3,17/12/12,0.46,UYMVD_E7,583737323,6139486545,Portones de Carrasco 2
685,UYMVD_2012_12_23_24,UYMVD_SO2_T,24,SO2,ug/m3,23/12/12,5.31,UYMVD_E7,583737323,6139486545,Portones de Carrasco 2
686,UYMVD_2012_12_29_24,UYMVD_SO2_T,24,SO2,ug/m3,29/12/12,7.35,UYMVD_E7,583737323,6139486545,Portones de Carrasco 2
687,UYMVD_2013_1_4_24,UYMVD_SO2_T,24,SO2,ug/m3,04/01/13,6.9,UYMVD_E7,583737323,6139486545,Portones de Carrasco 2
688,UYMVD_2013_1_10_24,UYMVD_SO2_T,24,SO2,ug/m3,10/01/13,4.2,UYMVD_E7,583737323,6139486545,Portones de Carrasco 2
689,UYMVD_2013_1_16_24,UYMVD_SO2_T,24,SO2,ug/m3,16/01/13,2.6,UYMVD_E7,583737323,6139486545,Portones de Carrasco 2
690,UYMVD_2013_1_22_24,UYMVD_SO2_T,24,SO2,ug/m3,22/01/13,4.3,UYMVD_E7,583737323,6139486545,Portones de Carrasco 2
691,UYMVD_2013_1_28_24,UYMVD_SO2_T,24,SO2,ug/m3,28/01/13,7.8,UYMVD_E7,583737323,6139486545,Portones de Carrasco 2
692,UYMVD_2013_2_3_24,UYMVD_SO2_T,24,SO2,ug/m3,03/02/13,14.8,UYMVD_E7,583737323,6139486545,Portones de Carrasco 2
693,UYMVD_2013_2_9_24,UYMVD_SO2_T,24,SO2,ug/m3,09/02/13,33.9,UYMVD_E7,583737323,6139486545,Portones de Carrasco 2
694,UYMVD_2013_2_15_24,UYMVD_SO2_T,24,SO2,ug/m3,15/02/13,7.4,UYMVD_E7,583737323,6139486545,Portones de Carrasco 2
695,UYMVD_2013_2_21_24,UYMVD_SO2_T,24,SO2,ug/m3,21/02/13,4.2,UYMVD_E7,583737323,6139486545,Portones de Carrasco 2
696,UYMVD_2013_2_27_24,UYMVD_SO2_T,24,SO2,ug/m3,27/02/13,12.9,UYMVD_E7,583737323,6139486545,Portones de Carrasco 2
697,UYMVD_2013_3_5_24,UYMVD_SO2_T,24,SO2,ug/m3,05/03/13,7.4,UYMVD_E7,583737323,6139486545,Portones de Carrasco 2
698,UYMVD_2013_3_17_24,UYMVD_SO2_T,24,SO2,ug/m3,17/03/13,0.1,UYMVD_E7,583737323,6139486545,Portones de Carrasco 2
699,UYMVD_2013_4_10_24,UYMVD_SO2_T,24,SO2,ug/m3,10/04/13,4.1,UYMVD_E7,583737323,6139486545,Portones de Carrasco 2
700,UYMVD_2013_4_16_24,UYMVD_SO2_T,24,SO2,ug/m3,16/04/13,2.7,UYMVD_E7,583737323,6139486545,Portones de Carrasco 2
701,UYMVD_2013_5_4_24,UYMVD_SO2_T,24,SO2,ug/m3,04/05/13,5.9,UYMVD_E7,583737323,6139486545,Portones de Carrasco 2
702,UYMVD_2013_5_10_24,UYMVD_SO2_T,24,SO2,ug/m3,10/05/13,6,UYMVD_E7,583737323,6139486545,Portones de Carrasco 2
703,UYMVD_2013_5_16_24,UYMVD_SO2_T,24,SO2,ug/m3,16/05/13,4.2,UYMVD_E7,583737323,6139486545,Portones de Carrasco 2
704,UYMVD_2013_5_22_24,UYMVD_SO2_T,24,SO2,ug/m3,22/05/13,2.3,UYMVD_E7,583737323,6139486545,Portones de Carrasco 2
705,UYMVD_2013_6_3_24,UYMVD_SO2_T,24,SO2,ug/m3,03/06/13,5.1,UYMVD_E7,583737323,6139486545,Portones de Carrasco 2
706,UYMVD_2013_6_9_24,UYMVD_SO2_T,24,SO2,ug/m3,09/06/13,4.9,UYMVD_E7,583737323,6139486545,Portones de Carrasco 2
707,UYMVD_2013_6_21_24,UYMVD_SO2_T,24,SO2,ug/m3,21/06/13,20.2,UYMVD_E7,583737323,6139486545,Portones de Carrasco 2
708,UYMVD_2013_7_3_24,UYMVD_SO2_T,24,SO2,ug/m3,03/07/13,7.9,UYMVD_E7,583737323,6139486545,Portones de Carrasco 2
709,UYMVD_2013_7_9_24,UYMVD_SO2_T,24,SO2,ug/m3,09/07/13,4.8,UYMVD_E7,583737323,6139486545,Portones de Carrasco 2
710,UYMVD_2013_7_15_24,UYMVD_SO2_T,24,SO2,ug/m3,15/07/13,14,UYMVD_E7,583737323,6139486545,Portones de Carrasco 2
711,UYMVD_2013_7_21_24,UYMVD_SO2_T,24,SO2,ug/m3,21/07/13,13.2,UYMVD_E7,583737323,6139486545,Portones de Carrasco 2
712,UYMVD_2013_7_27_24,UYMVD_SO2_T,24,SO2,ug/m3,27/07/13,7.9,UYMVD_E7,583737323,6139486545,Portones de Carrasco 2
713,UYMVD_2013_8_2_24,UYMVD_SO2_T,24,SO2,ug/m3,02/08/13,5.8,UYMVD_E7,583737323,6139486545,Portones de Carrasco 2
714,UYMVD_2013_8_8_24,UYMVD_SO2_T,24,SO2,ug/m3,08/08/13,11,UYMVD_E7,583737323,6139486545,Portones de Carrasco 2
715,UYMVD_2013_8_14_24,UYMVD_SO2_T,24,SO2,ug/m3,14/08/13,7.6,UYMVD_E7,583737323,6139486545,Portones de Carrasco 2
716,UYMVD_2013_8_20_24,UYMVD_SO2_T,24,SO2,ug/m3,20/08/13,6.9,UYMVD_E7,583737323,6139486545,Portones de Carrasco 2
717,UYMVD_2013_8_26_24,UYMVD_SO2_T,24,SO2,ug/m3,26/08/13,0.2,UYMVD_E7,583737323,6139486545,Portones de Carrasco 2
718,UYMVD_2013_9_1_24,UYMVD_SO2_T,24,SO2,ug/m3,01/09/13,5,UYMVD_E7,583737323,6139486545,Portones de Carrasco 2
719,UYMVD_2013_9_7_24,UYMVD_SO2_T,24,SO2,ug/m3,07/09/13,0.3,UYMVD_E7,583737323,6139486545,Portones de Carrasco 2
720,UYMVD_2013_9_13_24,UYMVD_SO2_T,24,SO2,ug/m3,13/09/13,4,UYMVD_E7,583737323,6139486545,Portones de Carrasco 2
721,UYMVD_2013_9_19_24,UYMVD_SO2_T,24,SO2,ug/m3,19/09/13,2.2,UYMVD_E7,583737323,6139486545,Portones de Carrasco 2
722,UYMVD_2013_9_25_24,UYMVD_SO2_T,24,SO2,ug/m3,25/09/13,1.8,UYMVD_E7,583737323,6139486545,Portones de Carrasco 2
723,UYMVD_2013_10_1_24,UYMVD_SO2_T,24,SO2,ug/m3,01/10/13,6.9,UYMVD_E7,583737323,6139486545,Portones de Carrasco 2
724,UYMVD_2013_10_7_24,UYMVD_SO2_T,24,SO2,ug/m3,07/10/13,5.6,UYMVD_E7,583737323,6139486545,Portones de Carrasco 2
725,UYMVD_2013_10_13_24,UYMVD_SO2_T,24,SO2,ug/m3,13/10/13,2.8,UYMVD_E7,583737323,6139486545,Portones de Carrasco 2
726,UYMVD_2013_10_19_24,UYMVD_SO2_T,24,SO2,ug/m3,19/10/13,1.9,UYMVD_E7,583737323,6139486545,Portones de Carrasco 2
727,UYMVD_2013_10_25_24,UYMVD_SO2_T,24,SO2,ug/m3,25/10/13,1.6,UYMVD_E7,583737323,6139486545,Portones de Carrasco 2
728,UYMVD_2013_10_31_24,UYMVD_SO2_T,24,SO2,ug/m3,31/10/13,11.9,UYMVD_E7,583737323,6139486545,Portones de Carrasco 2
729,UYMVD_2013_11_24_24,UYMVD_SO2_T,24,SO2,ug/m3,24/11/13,1.9,UYMVD_E7,583737323,6139486545,Portones de Carrasco 2
730,UYMVD_2013_12_6_24,UYMVD_SO2_T,24,SO2,ug/m3,06/12/13,5.6,UYMVD_E7,583737323,6139486545,Portones de Carrasco 2
731,UYMVD_2013_12_12_24,UYMVD_SO2_T,24,SO2,ug/m3,12/12/13,2.7,UYMVD_E7,583737323,6139486545,Portones de Carrasco 2
732,UYMVD_2013_12_18_24,UYMVD_SO2_T,24,SO2,ug/m3,18/12/13,4.1,UYMVD_E7,583737323,6139486545,Portones de Carrasco 2
733,UYMVD_2013_12_24_24,UYMVD_SO2_T,24,SO2,ug/m3,24/12/13,4.2,UYMVD_E7,583737323,6139486545,Portones de Carrasco 2
734,UYMVD_1999_1_1_24,UYMVD_SO2_T,24,SO2,ug/m3,01/01/99,3.7,UYMVD_E7,583737323,6139486545,Portones de Carrasco 2
735,UYMVD_2013_12_30_24,UYMVD_SO2_T,24,SO2,ug/m3,30/12/13,10.9,UYMVD_E7,583737323,6139486545,Portones de Carrasco 2
736,UYMVD_2014_1_5_24,UYMVD_SO2_T,24,SO2,ug/m3,05/01/14,2.2,UYMVD_E7,583737323,6139486545,Portones de Carrasco 2
737,UYMVD_2014_1_11_24,UYMVD_SO2_T,24,SO2,ug/m3,11/01/14,1.8,UYMVD_E7,583737323,6139486545,Portones de Carrasco 2
738,UYMVD_2014_1_17_24,UYMVD_SO2_T,24,SO2,ug/m3,17/01/14,5.5,UYMVD_E7,583737323,6139486545,Portones de Carrasco 2
739,UYMVD_2014_1_23_24,UYMVD_SO2_T,24,SO2,ug/m3,23/01/14,2.3,UYMVD_E7,583737323,6139486545,Portones de Carrasco 2
740,UYMVD_2014_1_29_24,UYMVD_SO2_T,24,SO2,ug/m3,29/01/14,4.4,UYMVD_E7,583737323,6139486545,Portones de Carrasco 2
741,UYMVD_2014_2_10_24,UYMVD_SO2_T,24,SO2,ug/m3,10/02/14,7.7,UYMVD_E7,583737323,6139486545,Portones de Carrasco 2
742,UYMVD_2014_2_16_24,UYMVD_SO2_T,24,SO2,ug/m3,16/02/14,1.2,UYMVD_E7,583737323,6139486545,Portones de Carrasco 2
743,UYMVD_2014_2_22_24,UYMVD_SO2_T,24,SO2,ug/m3,22/02/14,4.4,UYMVD_E7,583737323,6139486545,Portones de Carrasco 2
744,UYMVD_2014_2_28_24,UYMVD_SO2_T,24,SO2,ug/m3,28/02/14,6.9,UYMVD_E7,583737323,6139486545,Portones de Carrasco 2
745,UYMVD_2014_3_12_24,UYMVD_SO2_T,24,SO2,ug/m3,12/03/14,15.5,UYMVD_E7,583737323,6139486545,Portones de Carrasco 2
746,UYMVD_2014_3_18_24,UYMVD_SO2_T,24,SO2,ug/m3,18/03/14,5.3,UYMVD_E7,583737323,6139486545,Portones de Carrasco 2
747,UYMVD_2014_3_24_24,UYMVD_SO2_T,24,SO2,ug/m3,24/03/14,8.4,UYMVD_E7,583737323,6139486545,Portones de Carrasco 2
748,UYMVD_2014_3_30_24,UYMVD_SO2_T,24,SO2,ug/m3,30/03/14,0.2,UYMVD_E7,583737323,6139486545,Portones de Carrasco 2
749,UYMVD_2014_4_5_24,UYMVD_SO2_T,24,SO2,ug/m3,05/04/14,5.6,UYMVD_E7,583737323,6139486545,Portones de Carrasco 2
750,UYMVD_2014_4_23_24,UYMVD_SO2_T,24,SO2,ug/m3,23/04/14,5.5,UYMVD_E7,583737323,6139486545,Portones de Carrasco 2
751,UYMVD_2014_4_29_24,UYMVD_SO2_T,24,SO2,ug/m3,29/04/14,6.1,UYMVD_E7,583737323,6139486545,Portones de Carrasco 2
752,UYMVD_2014_5_5_24,UYMVD_SO2_T,24,SO2,ug/m3,05/05/14,8.9,UYMVD_E7,583737323,6139486545,Portones de Carrasco 2
753,UYMVD_2014_5_11_24,UYMVD_SO2_T,24,SO2,ug/m3,11/05/14,3.8,UYMVD_E7,583737323,6139486545,Portones de Carrasco 2
754,UYMVD_2014_5_17_24,UYMVD_SO2_T,24,SO2,ug/m3,17/05/14,4.3,UYMVD_E7,583737323,6139486545,Portones de Carrasco 2
755,UYMVD_2014_5_23_24,UYMVD_SO2_T,24,SO2,ug/m3,23/05/14,11.3,UYMVD_E7,583737323,6139486545,Portones de Carrasco 2
756,UYMVD_2014_5_29_24,UYMVD_SO2_T,24,SO2,ug/m3,29/05/14,3.7,UYMVD_E7,583737323,6139486545,Portones de Carrasco 2
757,UYMVD_2014_6_4_24,UYMVD_SO2_T,24,SO2,ug/m3,04/06/14,5.6,UYMVD_E7,583737323,6139486545,Portones de Carrasco 2
758,UYMVD_2014_6_10_24,UYMVD_SO2_T,24,SO2,ug/m3,10/06/14,12.6,UYMVD_E7,583737323,6139486545,Portones de Carrasco 2
759,UYMVD_2014_6_16_24,UYMVD_SO2_T,24,SO2,ug/m3,16/06/14,6.8,UYMVD_E7,583737323,6139486545,Portones de Carrasco 2
760,UYMVD_2014_6_22_24,UYMVD_SO2_T,24,SO2,ug/m3,22/06/14,2.9,UYMVD_E7,583737323,6139486545,Portones de Carrasco 2
761,UYMVD_2014_6_28_24,UYMVD_SO2_T,24,SO2,ug/m3,28/06/14,6.2,UYMVD_E7,583737323,6139486545,Portones de Carrasco 2
762,UYMVD_2014_7_4_24,UYMVD_SO2_T,24,SO2,ug/m3,04/07/14,5.7,UYMVD_E7,583737323,6139486545,Portones de Carrasco 2
763,UYMVD_2014_7_10_24,UYMVD_SO2_T,24,SO2,ug/m3,10/07/14,1.7,UYMVD_E7,583737323,6139486545,Portones de Carrasco 2
764,UYMVD_2014_7_16_24,UYMVD_SO2_T,24,SO2,ug/m3,16/07/14,0.8,UYMVD_E7,583737323,6139486545,Portones de Carrasco 2
765,UYMVD_2014_7_22_24,UYMVD_SO2_T,24,SO2,ug/m3,22/07/14,2.9,UYMVD_E7,583737323,6139486545,Portones de Carrasco 2
766,UYMVD_2014_8_3_24,UYMVD_SO2_T,24,SO2,ug/m3,03/08/14,1.7,UYMVD_E7,583737323,6139486545,Portones de Carrasco 2
767,UYMVD_2014_8_9_24,UYMVD_SO2_T,24,SO2,ug/m3,09/08/14,8.1,UYMVD_E7,583737323,6139486545,Portones de Carrasco 2
768,UYMVD_2014_8_15_24,UYMVD_SO2_T,24,SO2,ug/m3,15/08/14,4.6,UYMVD_E7,583737323,6139486545,Portones de Carrasco 2
769,UYMVD_2014_8_21_24,UYMVD_SO2_T,24,SO2,ug/m3,21/08/14,3.2,UYMVD_E7,583737323,6139486545,Portones de Carrasco 2
770,UYMVD_2014_8_27_24,UYMVD_SO2_T,24,SO2,ug/m3,27/08/14,2.4,UYMVD_E7,583737323,6139486545,Portones de Carrasco 2
771,UYMVD_2014_9_2_24,UYMVD_SO2_T,24,SO2,ug/m3,02/09/14,6.2,UYMVD_E7,583737323,6139486545,Portones de Carrasco 2
772,UYMVD_2014_9_8_24,UYMVD_SO2_T,24,SO2,ug/m3,08/09/14,4.3,UYMVD_E7,583737323,6139486545,Portones de Carrasco 2
773,UYMVD_2014_9_14_24,UYMVD_SO2_T,24,SO2,ug/m3,14/09/14,2.6,UYMVD_E7,583737323,6139486545,Portones de Carrasco 2
774,UYMVD_2014_9_20_24,UYMVD_SO2_T,24,SO2,ug/m3,20/09/14,1.1,UYMVD_E7,583737323,6139486545,Portones de Carrasco 2
775,UYMVD_2014_9_26_24,UYMVD_SO2_T,24,SO2,ug/m3,26/09/14,3.2,UYMVD_E7,583737323,6139486545,Portones de Carrasco 2
776,UYMVD_2014_10_2_24,UYMVD_SO2_T,24,SO2,ug/m3,02/10/14,2.7,UYMVD_E7,583737323,6139486545,Portones de Carrasco 2
777,UYMVD_2014_10_8_24,UYMVD_SO2_T,24,SO2,ug/m3,08/10/14,9.5,UYMVD_E7,583737323,6139486545,Portones de Carrasco 2
778,UYMVD_2014_10_14_24,UYMVD_SO2_T,24,SO2,ug/m3,14/10/14,7,UYMVD_E7,583737323,6139486545,Portones de Carrasco 2
779,UYMVD_2014_10_20_24,UYMVD_SO2_T,24,SO2,ug/m3,20/10/14,3.1,UYMVD_E7,583737323,6139486545,Portones de Carrasco 2
780,UYMVD_2014_10_26_24,UYMVD_SO2_T,24,SO2,ug/m3,26/10/14,7.2,UYMVD_E7,583737323,6139486545,Portones de Carrasco 2
781,UYMVD_2014_11_1_24,UYMVD_SO2_T,24,SO2,ug/m3,01/11/14,5.5,UYMVD_E7,583737323,6139486545,Portones de Carrasco 2
782,UYMVD_2014_11_7_24,UYMVD_SO2_T,24,SO2,ug/m3,07/11/14,6.6,UYMVD_E7,583737323,6139486545,Portones de Carrasco 2
783,UYMVD_2014_11_13_24,UYMVD_SO2_T,24,SO2,ug/m3,13/11/14,5.5,UYMVD_E7,583737323,6139486545,Portones de Carrasco 2
784,UYMVD_2014_11_19_24,UYMVD_SO2_T,24,SO2,ug/m3,19/11/14,4.6,UYMVD_E7,583737323,6139486545,Portones de Carrasco 2
785,UYMVD_2014_11_25_24,UYMVD_SO2_T,24,SO2,ug/m3,25/11/14,7.4,UYMVD_E7,583737323,6139486545,Portones de Carrasco 2
786,UYMVD_2014_12_1_24,UYMVD_SO2_T,24,SO2,ug/m3,01/12/14,5.8,UYMVD_E7,583737323,6139486545,Portones de Carrasco 2
787,UYMVD_2014_12_7_24,UYMVD_SO2_T,24,SO2,ug/m3,07/12/14,6.1,UYMVD_E7,583737323,6139486545,Portones de Carrasco 2
788,UYMVD_2014_12_13_24,UYMVD_SO2_T,24,SO2,ug/m3,13/12/14,6.7,UYMVD_E7,583737323,6139486545,Portones de Carrasco 2
789,UYMVD_2014_12_19_24,UYMVD_SO2_T,24,SO2,ug/m3,19/12/14,16.3,UYMVD_E7,583737323,6139486545,Portones de Carrasco 2
790,UYMVD_2014_12_25_24,UYMVD_SO2_T,24,SO2,ug/m3,25/12/14,10.4,UYMVD_E7,583737323,6139486545,Portones de Carrasco 2
791,UYMVD_2014_12_31_24,UYMVD_SO2_T,24,SO2,ug/m3,31/12/14,9.6,UYMVD_E7,583737323,6139486545,Portones de Carrasco 2
792,UYMVD_2015_1_6_24,UYMVD_SO2_T,24,SO2,ug/m3,06/01/15,3.1,UYMVD_E7,583737323,6139486545,Portones de Carrasco 2
793,UYMVD_2015_1_12_24,UYMVD_SO2_T,24,SO2,ug/m3,12/01/15,6.8,UYMVD_E7,583737323,6139486545,Portones de Carrasco 2
794,UYMVD_2015_1_24_24,UYMVD_SO2_T,24,SO2,ug/m3,24/01/15,3.1,UYMVD_E7,583737323,6139486545,Portones de Carrasco 2
795,UYMVD_2015_1_30_24,UYMVD_SO2_T,24,SO2,ug/m3,30/01/15,1.7,UYMVD_E7,583737323,6139486545,Portones de Carrasco 2
796,UYMVD_2015_2_5_24,UYMVD_SO2_T,24,SO2,ug/m3,05/02/15,2.6,UYMVD_E7,583737323,6139486545,Portones de Carrasco 2
797,UYMVD_2015_2_11_24,UYMVD_SO2_T,24,SO2,ug/m3,11/02/15,8.6,UYMVD_E7,583737323,6139486545,Portones de Carrasco 2
798,UYMVD_2015_2_17_24,UYMVD_SO2_T,24,SO2,ug/m3,17/02/15,3.1,UYMVD_E7,583737323,6139486545,Portones de Carrasco 2
799,UYMVD_2015_2_23_24,UYMVD_SO2_T,24,SO2,ug/m3,23/02/15,2,UYMVD_E7,583737323,6139486545,Portones de Carrasco 2
800,UYMVD_2015_3_1_24,UYMVD_SO2_T,24,SO2,ug/m3,01/03/15,5.8,UYMVD_E7,583737323,6139486545,Portones de Carrasco 2
801,UYMVD_2015_3_7_24,UYMVD_SO2_T,24,SO2,ug/m3,07/03/15,5.6,UYMVD_E7,583737323,6139486545,Portones de Carrasco 2
802,UYMVD_2015_3_13_24,UYMVD_SO2_T,24,SO2,ug/m3,13/03/15,5.1,UYMVD_E7,583737323,6139486545,Portones de Carrasco 2
803,UYMVD_2015_3_19_24,UYMVD_SO2_T,24,SO2,ug/m3,19/03/15,4.4,UYMVD_E7,583737323,6139486545,Portones de Carrasco 2
804,UYMVD_2015_3_25_24,UYMVD_SO2_T,24,SO2,ug/m3,25/03/15,3.1,UYMVD_E7,583737323,6139486545,Portones de Carrasco 2
805,UYMVD_2015_3_31_24,UYMVD_SO2_T,24,SO2,ug/m3,31/03/15,5.4,UYMVD_E7,583737323,6139486545,Portones de Carrasco 2
806,UYMVD_2015_4_12_24,UYMVD_SO2_T,24,SO2,ug/m3,12/04/15,7.2,UYMVD_E7,583737323,6139486545,Portones de Carrasco 2
807,UYMVD_2015_4_18_24,UYMVD_SO2_T,24,SO2,ug/m3,18/04/15,6.1,UYMVD_E7,583737323,6139486545,Portones de Carrasco 2
808,UYMVD_2015_4_24_24,UYMVD_SO2_T,24,SO2,ug/m3,24/04/15,3.4,UYMVD_E7,583737323,6139486545,Portones de Carrasco 2
809,UYMVD_2015_4_30_24,UYMVD_SO2_T,24,SO2,ug/m3,30/04/15,15.4,UYMVD_E7,583737323,6139486545,Portones de Carrasco 2
810,UYMVD_2015_5_6_24,UYMVD_SO2_T,24,SO2,ug/m3,06/05/15,2.6,UYMVD_E7,583737323,6139486545,Portones de Carrasco 2
811,UYMVD_2015_5_12_24,UYMVD_SO2_T,24,SO2,ug/m3,12/05/15,2.2,UYMVD_E7,583737323,6139486545,Portones de Carrasco 2
812,UYMVD_2015_5_18_24,UYMVD_SO2_T,24,SO2,ug/m3,18/05/15,2.3,UYMVD_E7,583737323,6139486545,Portones de Carrasco 2
813,UYMVD_2015_5_24_24,UYMVD_SO2_T,24,SO2,ug/m3,24/05/15,5.6,UYMVD_E7,583737323,6139486545,Portones de Carrasco 2
814,UYMVD_2015_5_30_24,UYMVD_SO2_T,24,SO2,ug/m3,30/05/15,6.1,UYMVD_E7,583737323,6139486545,Portones de Carrasco 2
815,UYMVD_2015_6_11_24,UYMVD_SO2_T,24,SO2,ug/m3,11/06/15,9.3,UYMVD_E7,583737323,6139486545,Portones de Carrasco 2
816,UYMVD_2015_6_17_24,UYMVD_SO2_T,24,SO2,ug/m3,17/06/15,7.4,UYMVD_E7,583737323,6139486545,Portones de Carrasco 2
817,UYMVD_2015_6_23_24,UYMVD_SO2_T,24,SO2,ug/m3,23/06/15,5.6,UYMVD_E7,583737323,6139486545,Portones de Carrasco 2
818,UYMVD_2015_6_29_24,UYMVD_SO2_T,24,SO2,ug/m3,29/06/15,3,UYMVD_E7,583737323,6139486545,Portones de Carrasco 2
819,UYMVD_2015_7_5_24,UYMVD_SO2_T,24,SO2,ug/m3,05/07/15,5.6,UYMVD_E7,583737323,6139486545,Portones de Carrasco 2
820,UYMVD_2015_7_11_24,UYMVD_SO2_T,24,SO2,ug/m3,11/07/15,10.6,UYMVD_E7,583737323,6139486545,Portones de Carrasco 2
821,UYMVD_2015_7_17_24,UYMVD_SO2_T,24,SO2,ug/m3,17/07/15,1.7,UYMVD_E7,583737323,6139486545,Portones de Carrasco 2
822,UYMVD_2015_7_23_24,UYMVD_SO2_T,24,SO2,ug/m3,23/07/15,9.4,UYMVD_E7,583737323,6139486545,Portones de Carrasco 2
823,UYMVD_2015_7_29_24,UYMVD_SO2_T,24,SO2,ug/m3,29/07/15,1.3,UYMVD_E7,583737323,6139486545,Portones de Carrasco 2
824,UYMVD_2015_8_4_24,UYMVD_SO2_T,24,SO2,ug/m3,04/08/15,1.4,UYMVD_E7,583737323,6139486545,Portones de Carrasco 2
825,UYMVD_2015_8_10_24,UYMVD_SO2_T,24,SO2,ug/m3,10/08/15,17.6,UYMVD_E7,583737323,6139486545,Portones de Carrasco 2
826,UYMVD_2015_8_16_24,UYMVD_SO2_T,24,SO2,ug/m3,16/08/15,1.2,UYMVD_E7,583737323,6139486545,Portones de Carrasco 2
827,UYMVD_2015_8_22_24,UYMVD_SO2_T,24,SO2,ug/m3,22/08/15,1.2,UYMVD_E7,583737323,6139486545,Portones de Carrasco 2
828,UYMVD_2015_8_28_24,UYMVD_SO2_T,24,SO2,ug/m3,28/08/15,1.7,UYMVD_E7,583737323,6139486545,Portones de Carrasco 2
829,UYMVD_2015_9_3_24,UYMVD_SO2_T,24,SO2,ug/m3,03/09/15,1.9,UYMVD_E7,583737323,6139486545,Portones de Carrasco 2
830,UYMVD_2015_9_9_24,UYMVD_SO2_T,24,SO2,ug/m3,09/09/15,1.4,UYMVD_E7,583737323,6139486545,Portones de Carrasco 2
831,UYMVD_2015_9_15_24,UYMVD_SO2_T,24,SO2,ug/m3,15/09/15,0.6,UYMVD_E7,583737323,6139486545,Portones de Carrasco 2
832,UYMVD_2015_9_21_24,UYMVD_SO2_T,24,SO2,ug/m3,21/09/15,0.8,UYMVD_E7,583737323,6139486545,Portones de Carrasco 2
833,UYMVD_2015_9_27_24,UYMVD_SO2_T,24,SO2,ug/m3,27/09/15,0.5,UYMVD_E7,583737323,6139486545,Portones de Carrasco 2
834,UYMVD_2015_10_3_24,UYMVD_SO2_T,24,SO2,ug/m3,03/10/15,0.7,UYMVD_E7,583737323,6139486545,Portones de Carrasco 2
835,UYMVD_2015_10_9_24,UYMVD_SO2_T,24,SO2,ug/m3,09/10/15,0.7,UYMVD_E7,583737323,6139486545,Portones de Carrasco 2
836,UYMVD_2015_10_15_24,UYMVD_SO2_T,24,SO2,ug/m3,15/10/15,0.7,UYMVD_E7,583737323,6139486545,Portones de Carrasco 2
837,UYMVD_2015_10_21_24,UYMVD_SO2_T,24,SO2,ug/m3,21/10/15,0.6,UYMVD_E7,583737323,6139486545,Portones de Carrasco 2
838,UYMVD_2015_10_27_24,UYMVD_SO2_T,24,SO2,ug/m3,27/10/15,0.6,UYMVD_E7,583737323,6139486545,Portones de Carrasco 2
839,UYMVD_2015_11_2_24,UYMVD_SO2_T,24,SO2,ug/m3,02/11/15,0.4,UYMVD_E7,583737323,6139486545,Portones de Carrasco 2
840,UYMVD_2015_11_8_24,UYMVD_SO2_T,24,SO2,ug/m3,08/11/15,0.5,UYMVD_E7,583737323,6139486545,Portones de Carrasco 2
841,UYMVD_2015_11_14_24,UYMVD_SO2_T,24,SO2,ug/m3,14/11/15,0.4,UYMVD_E7,583737323,6139486545,Portones de Carrasco 2
842,UYMVD_2015_11_20_24,UYMVD_SO2_T,24,SO2,ug/m3,20/11/15,0.5,UYMVD_E7,583737323,6139486545,Portones de Carrasco 2
843,UYMVD_2015_12_26_24,UYMVD_SO2_T,24,SO2,ug/m3,26/12/15,0.6,UYMVD_E7,583737323,6139486545,Portones de Carrasco 2
